,gu,dong,eduScore,envScore,safeScore,welScore,popScore,transScore,convScore
0,강남구,일원동,68.55362713244656,47.980941125501325,49.888452424286484,58.20424167973111,49.66140879761176,58.26174731400201,46.036324538145145
1,강남구,대치동,68.55362713244656,47.980941125501325,49.888452424286484,59.24077521754606,48.28852228229891,61.059245501369944,75.22833150266926
2,강남구,자곡동,68.53865528391253,47.980941125501325,49.888452424286484,56.93526278545687,50.824270495258396,54.33335376760151,46.036324538145145
3,강남구,역삼동,68.53865528391253,47.980941125501325,49.888452424286484,59.76433568694551,53.75322376387917,61.545587023542026,75.22833150266926
4,강남구,청담동,68.53865528391253,47.980941125501325,49.888452424286484,58.49059714958062,50.49934650147516,55.48999068973301,46.036324538145145
5,강남구,논현동,68.51214098111679,47.980941125501325,49.888452424286484,59.30025843632181,54.779404720419905,58.76261063126594,46.036324538145145
6,강남구,도곡동,68.51214098111679,47.980941125501325,49.888452424286484,58.10722981456725,48.469893311162124,58.39082780066832,46.036324538145145
7,강남구,삼성동,68.51214098111679,47.980941125501325,49.888452424286484,58.91620014249462,50.54454144682077,59.65782393211044,75.23040601289262
8,강남구,개포동,68.51214098111679,47.980941125501325,49.888452424286484,58.44989763592882,49.21496693595125,62.07171979975939,46.036324538145145
9,강남구,세곡동,57.416020826140894,47.980941125501325,49.888452424286484,46.63007297786504,48.91616329274272,57.71627692981447,46.036324538145145
10,강남구,수서동,57.416020826140894,47.980941125501325,49.888452424286484,57.1288318288225,47.56523700434764,56.26974439638296,75.22833150266926
11,강남구,신사동,57.416020826140894,47.980941125501325,49.888452424286484,59.56878850532868,51.91406703844238,55.27709489402691,46.036324538145145
12,강남구,압구정동,57.416020826140894,47.980941125501325,49.888452424286484,46.63007297786504,47.495528501883705,52.51039639558329,75.23040601289262
13,강남구,율현동,57.416020826140894,47.980941125501325,49.888452424286484,45.42416158269311,49.202182205982986,51.72587288894799,46.036324538145145
14,성북구,돈암동,51.54453830760743,37.23928027018643,65.06174299106425,57.16371729476366,49.405123067551614,58.39082780066832,46.036324538145145
15,성북구,길음동,51.52956645907341,37.23928027018643,65.06174299106425,57.3933992296197,47.47074667994718,57.995123819201595,75.23040601289262
16,성북구,하월곡동,51.52956645907341,37.23928027018643,65.06174299106425,58.02082005472515,50.4843779382026,59.1134100956872,75.23040601289262
17,성북구,정릉동,51.52956645907341,37.23928027018643,65.06174299106425,58.15479499197245,51.152860997736234,64.59132839113502,46.036324538145145
18,성북구,상월곡동,51.50305215627766,37.23928027018643,65.06174299106425,45.836842521758676,52.38228926114445,53.190519221563605,46.036324538145145
19,성북구,장위동,51.50305215627766,37.23928027018643,65.06174299106425,57.48028324370834,50.354598260277264,62.69339043000858,46.036324538145145
20,성북구,종암동,51.50305215627766,37.23928027018643,65.06174299106425,57.65238416851909,50.728091563205325,59.86316945927658,46.036324538145145
21,성북구,성북동,40.40693200130177,37.23928027018643,65.06174299106425,46.16335139628302,51.332179298168285,57.27220967684238,46.036324538145145
22,성북구,석관동,40.40693200130177,37.23928027018643,65.06174299106425,57.24447194033901,50.907023366030984,56.26974439638296,46.036324538145145
23,성북구,안암동5가,40.40693200130177,37.23928027018643,65.06174299106425,56.99521102096117,65.5767159898288,55.05579713729511,46.036324538145145
24,성북구,삼선동2가,40.40693200130177,37.23928027018643,65.06174299106425,45.42416158269311,51.26837899685854,52.51039639558329,46.036324538145145
25,성북구,안암동2가,40.40693200130177,37.23928027018643,65.06174299106425,45.33870082245069,62.016785177520035,50.25134468045445,46.036324538145145
26,성북구,삼선동3가,40.40693200130177,37.23928027018643,65.06174299106425,35.53165271416684,51.15897579145817,50.25134468045445,46.036324538145145
27,성북구,동선동2가,40.40693200130177,37.23928027018643,65.06174299106425,35.53165271416684,62.693509942481846,49.63790760869819,46.036324538145145
28,성북구,성북동1가,40.40693200130177,37.23928027018643,65.06174299106425,55.49019462987634,55.32908395778773,49.63790760869819,46.036324538145145
29,성북구,삼선동1가,40.40693200130177,37.23928027018643,65.06174299106425,45.820226411266546,53.80236508480378,48.93030629868386,46.036324538145145
30,성북구,삼선동5가,40.40693200130177,37.23928027018643,65.06174299106425,45.33870082245069,56.618814933519,48.93030629868386,46.036324538145145
31,성북구,보문동1가,40.40693200130177,37.23928027018643,65.06174299106425,35.53165271416684,52.26022569224055,48.09000824504064,46.036324538145145
32,성북구,안암동1가,40.40693200130177,37.23928027018643,65.06174299106425,35.53165271416684,57.789726432451744,47.04706512735716,46.036324538145145
33,성북구,동소문동7가,40.40693200130177,37.23928027018643,65.06174299106425,45.33870082245069,52.08241289485005,47.04706512735716,46.036324538145145
34,성북구,삼선동4가,40.40693200130177,37.23928027018643,65.06174299106425,45.820226411266546,55.86729768558364,47.04706512735716,46.036324538145145
35,성북구,동소문동2가,40.40693200130177,37.23928027018643,65.06174299106425,56.384081793200295,50.8651440422396,47.04706512735716,46.036324538145145
36,성북구,보문동7가,40.40693200130177,37.23928027018643,65.06174299106425,45.33870082245069,54.94783309837399,45.65093663887886,46.036324538145145
37,성북구,동소문동6가,40.40693200130177,37.23928027018643,65.06174299106425,46.491572924674024,60.69446938184625,45.65093663887886,46.036324538145145
38,성북구,동선동1가,40.40693200130177,37.23928027018643,65.06174299106425,56.640990678982,61.41506240051642,45.65093663887886,46.036324538145145
39,성북구,동선동4가,40.40693200130177,37.23928027018643,65.06174299106425,46.32431749744397,59.64827633568336,45.65093663887886,46.036324538145145
40,성북구,동소문동1가,40.40693200130177,37.23928027018643,65.06174299106425,56.00480370111699,56.99131096949607,45.65093663887886,46.036324538145145
41,성북구,동소문동3가,40.40693200130177,37.23928027018643,65.06174299106425,46.11229483259072,52.84688033758262,45.65093663887886,46.036324538145145
42,성북구,동소문동4가,40.40693200130177,37.23928027018643,65.06174299106425,46.11229483259072,54.772654086969716,45.65093663887886,46.036324538145145
43,성북구,동소문동5가,40.40693200130177,37.23928027018643,65.06174299106425,45.33870082245069,53.559244216121684,45.65093663887886,46.036324538145145
44,성북구,보문동4가,40.40693200130177,37.23928027018643,65.06174299106425,45.33870082245069,52.94336643225462,43.45101496777316,46.036324538145145
45,성북구,보문동5가,40.40693200130177,37.23928027018643,65.06174299106425,46.11229483259072,54.5820407187664,43.45101496777316,46.036324538145145
46,성북구,보문동2가,40.40693200130177,37.23928027018643,65.06174299106425,45.33870082245069,58.117027033373134,43.45101496777316,46.036324538145145
47,성북구,보문동3가,40.40693200130177,37.23928027018643,65.06174299106425,35.53165271416684,50.24204430166438,43.45101496777316,46.036324538145145
48,성북구,안암동4가,40.40693200130177,37.23928027018643,65.06174299106425,35.53165271416684,58.21253815838782,43.45101496777316,46.036324538145145
49,성북구,동선동5가,40.40693200130177,37.23928027018643,65.06174299106425,35.53165271416684,56.507529920222964,43.45101496777316,46.036324538145145
50,성북구,동선동3가,40.40693200130177,37.23928027018643,65.06174299106425,45.68314652159249,59.467330179619175,23.235414560358187,46.036324538145145
51,성북구,안암동3가,40.40693200130177,37.23928027018643,65.06174299106425,35.53165271416684,54.98182348079071,23.235414560358187,46.036324538145145
52,성북구,보문동6가,40.40693200130177,37.23928027018643,65.06174299106425,35.53165271416684,51.68182045903822,23.235414560358187,46.036324538145145
53,구로구,구로동,55.68027615984913,38.02150913099172,55.437780833159295,59.64230960197482,52.61288578098688,65.88389984130588,75.23040601289262
54,구로구,개봉동,55.6469882026232,38.02150913099172,55.437780833159295,58.174516054891335,49.61906586406154,62.35500437004404,46.036324538145145
55,구로구,고척동,55.6469882026232,38.02150913099172,55.437780833159295,57.93340363216657,50.74696514800081,61.14281148923592,75.22833150266926
56,구로구,신도림동,55.62047389982745,38.02150913099172,55.437780833159295,57.65155844460416,50.02808639981568,57.27220967684238,75.22833150266926
57,구로구,궁동,55.62047389982745,38.02150913099172,55.437780833159295,55.71273527979282,49.88149003940396,56.08453291094065,46.036324538145145
58,구로구,항동,55.62047389982745,38.02150913099172,55.437780833159295,55.231209690976954,47.907558926789605,54.82534101229288,46.036324538145145
59,구로구,오류동,44.52435374485156,38.02150913099172,55.437780833159295,57.709665428761824,52.513380653511774,59.55261861074623,46.036324538145145
60,구로구,천왕동,44.52435374485156,38.02150913099172,55.437780833159295,45.820226411266546,48.530852139842544,55.27709489402691,46.036324538145145
61,구로구,온수동,44.52435374485156,38.02150913099172,55.437780833159295,45.820226411266546,49.041788821626085,52.133332494447934,46.036324538145145
62,구로구,가리봉동,44.52435374485156,38.02150913099172,55.437780833159295,46.491572924674024,54.654216283338954,50.79422738980435,46.036324538145145
63,송파구,잠실동,60.785174807580574,47.276829849814455,60.34347645323394,59.36893111328097,49.79281486176649,58.76261063126594,75.22833150266926
64,송파구,장지동,60.77020295904655,47.276829849814455,60.34347645323394,57.003525364237525,47.92671165981575,59.761321151933004,46.036324538145145
65,송파구,거여동,60.743688656250804,47.276829849814455,60.34347645323394,57.55596942859564,49.32667501540019,56.26974439638296,46.036324538145145
66,송파구,석촌동,60.743688656250804,47.276829849814455,60.34347645323394,57.69928475263235,54.65841965968418,54.58485983791671,46.036324538145145
67,송파구,오금동,60.743688656250804,47.276829849814455,60.34347645323394,57.1288318288225,50.11902689526007,57.71627692981447,46.036324538145145
68,송파구,마천동,60.743688656250804,47.276829849814455,60.34347645323394,57.43790942197826,48.91531043936597,55.89315592383393,46.036324538145145
69,송파구,방이동,60.743688656250804,47.276829849814455,60.34347645323394,58.45690384324956,53.00448528414848,58.64114751458583,46.036324538145145
70,송파구,문정동,49.64756850127491,47.276829849814455,60.34347645323394,58.21102312240764,53.802008163365166,60.62476599740589,75.23040601289262
71,송파구,가락동,49.64756850127491,47.276829849814455,60.34347645323394,58.20765770633109,50.570167952708225,59.86316945927658,46.036324538145145
72,송파구,풍납동,49.64756850127491,47.276829849814455,60.34347645323394,58.1605961163267,50.69201176562927,56.623294303137854,46.036324538145145
73,송파구,송파동,49.64756850127491,47.276829849814455,60.34347645323394,58.2757186881322,53.38102442805571,56.44920668436303,46.036324538145145
74,송파구,신천동,49.64756850127491,47.276829849814455,60.34347645323394,58.33985195921273,47.052014915520985,54.82534101229288,75.23040601289262
75,송파구,삼전동,49.64756850127491,47.276829849814455,60.34347645323394,57.24447194033901,54.50796466257602,53.190519221563605,46.036324538145145
76,양천구,신정동,53.634521558194166,42.246934256565105,62.27082261196422,59.147445950096326,49.2054948939342,66.49369079263701,46.036324538145145
77,양천구,목동,53.62413265776344,42.246934256565105,62.27082261196422,59.350303029776725,49.77828944459297,63.90302399797868,75.23151811646612
78,양천구,신월동,53.62413265776344,42.246934256565105,62.27082261196422,58.88802467130127,49.512283659616756,62.21483241784598,75.22833150266926
79,도봉구,쌍문동,48.473206217905854,36.04612362276377,63.2355791025673,58.52749040326809,50.22018979807484,63.078721284983416,46.036324538145145
80,도봉구,도봉동,48.45823436937184,36.04612362276377,63.2355791025673,57.767198556120675,48.52088003237551,62.28527775005188,46.036324538145145
81,도봉구,창동,48.45823436937184,36.04612362276377,63.2355791025673,58.80639587629027,50.27557233696791,64.43823743274207,75.22833150266926
82,도봉구,방학동,48.45823436937184,36.04612362276377,63.2355791025673,58.522413361858746,48.885024963853,62.42402803696112,75.22833150266926
83,서초구,서초동,66.09105458068947,43.822575547426055,53.120940425093465,60.112734021311354,51.39519717423683,66.5326417371139,75.22833150266926
84,서초구,방배동,66.07608273215544,43.822575547426055,53.120940425093465,58.58231911136602,50.00894026905477,66.13378521529539,46.036324538145145
85,서초구,신원동,66.04956842935971,43.822575547426055,53.120940425093465,55.231209690976954,48.63615975539528,55.27709489402691,46.036324538145145
86,서초구,반포동,66.04956842935971,43.822575547426055,53.120940425093465,58.8827315897186,48.55084224291504,62.07171979975939,75.22833150266926
87,서초구,양재동,66.04956842935971,43.822575547426055,53.120940425093465,58.31131390379102,52.83666126133649,61.30685272542424,75.23040601289262
88,서초구,잠원동,66.04956842935971,43.822575547426055,53.120940425093465,58.044749315256354,48.838501562293864,57.857304177963904,46.036324538145145
89,서초구,우면동,54.95344827438381,43.822575547426055,53.120940425093465,56.643066732099676,47.96924179331293,58.12989040666804,46.036324538145145
90,서초구,내곡동,54.95344827438381,43.822575547426055,53.120940425093465,56.47581130486962,47.342343699553275,56.44920668436303,46.036324538145145
91,서초구,염곡동,54.95344827438381,43.822575547426055,53.120940425093465,45.42416158269311,48.2897333950991,52.133332494447934,46.036324538145145
92,서초구,원지동,54.95344827438381,43.822575547426055,53.120940425093465,35.53165271416684,43.923246314821554,48.93030629868386,46.036324538145145
93,동대문구,용두동,57.49323901821334,32.465956573343576,56.10493503124098,57.75919776997814,53.824594707401836,56.26974439638296,75.22833150266926
94,동대문구,휘경동,57.49323901821334,32.465956573343576,56.10493503124098,57.3933992296197,56.16247138778782,56.95666671741573,46.036324538145145
95,동대문구,답십리동,57.46672471541759,32.465956573343576,56.10493503124098,58.14378190397604,50.94665394509871,58.51725595248752,46.036324538145145
96,동대문구,청량리동,57.46672471541759,32.465956573343576,56.10493503124098,57.97208307749176,49.350518629458364,55.27709489402691,46.036324538145145
97,동대문구,전농동,57.46672471541759,32.465956573343576,56.10493503124098,58.174516054891335,50.66305782447659,59.1134100956872,75.23040601289262
98,동대문구,신설동,57.46672471541759,32.465956573343576,56.10493503124098,56.47581130486962,58.92513396248083,51.72587288894799,46.036324538145145
99,동대문구,장안동,57.46672471541759,32.465956573343576,56.10493503124098,58.485089166257644,50.473425492563734,60.534309353127185,46.036324538145145
100,동대문구,이문동,46.3706045604417,32.465956573343576,56.10493503124098,57.69689436087764,53.91691512436351,57.995123819201595,46.036324538145145
101,동대문구,제기동,46.3706045604417,32.465956573343576,56.10493503124098,59.08941155075026,53.34980816446443,56.44920668436303,46.036324538145145
102,동대문구,회기동,46.3706045604417,32.465956573343576,56.10493503124098,57.29698448969626,59.323760717284046,51.72587288894799,46.036324538145145
103,노원구,중계동,56.66196185116968,36.885101316537,60.57347714888,58.85851845964863,48.155620918867264,61.70014472159269,75.23040601289262
104,노원구,상계동,56.646990002635654,36.885101316537,60.57347714888,59.73054197592015,50.19857727736276,67.02164272430481,75.22833150266926
105,노원구,월계동,56.646990002635654,36.885101316537,60.57347714888,57.95826969153173,49.960450623484356,63.790994482267095,75.23040601289262
106,노원구,하계동,56.62047569983991,36.885101316537,60.57347714888,57.34651683091257,50.83624453259451,59.86316945927658,46.036324538145145
107,노원구,공릉동,56.62047569983991,36.885101316537,60.57347714888,58.85851845964863,52.58545397832633,63.790994482267095,46.036324538145145
108,강서구,화곡동,55.9766818834358,46.05531667182124,59.26200826440531,59.02732656380838,52.88350335474587,67.27255056892908,46.036324538145145
109,강서구,등촌동,55.95132113447106,46.05531667182124,59.26200826440531,58.50129537995274,53.160585971389125,61.62331030301501,75.22833150266926
110,강서구,가양동,55.92480683167531,46.05531667182124,59.26200826440531,57.34651683091257,50.98943240493998,58.12989040666804,75.22833150266926
111,강서구,방화동,55.92480683167531,46.05531667182124,59.26200826440531,57.95826969153173,50.24376581093334,61.30685272542424,75.23040601289262
112,강서구,염창동,55.92480683167531,46.05531667182124,59.26200826440531,57.24447194033901,51.41387215829563,57.11653672400362,46.036324538145145
113,강서구,마곡동,44.82868667669942,46.05531667182124,59.26200826440531,58.778297139882156,54.00006006205214,61.62331030301501,46.036324538145145
114,강서구,공항동,44.82868667669942,46.05531667182124,59.26200826440531,46.85203155681187,52.99705331085803,58.99864998539304,46.036324538145145
115,강서구,내발산동,44.82868667669942,46.05531667182124,59.26200826440531,57.63206837619079,49.14833362505115,58.881746505062175,46.036324538145145
116,강서구,외발산동,44.82868667669942,46.05531667182124,59.26200826440531,35.53165271416684,52.629949131048434,55.48999068973301,46.036324538145145
117,강서구,개화동,44.82868667669942,46.05531667182124,59.26200826440531,35.53165271416684,47.548247999173576,51.28212478464065,46.036324538145145
118,강서구,과해동,44.82868667669942,46.05531667182124,59.26200826440531,35.53165271416684,13.187359459466421,45.65093663887886,46.036324538145145
119,강서구,오곡동,44.82868667669942,46.05531667182124,59.26200826440531,35.53165271416684,13.187359459466421,45.65093663887886,46.036324538145145
120,강서구,오쇠동,44.82868667669942,46.05531667182124,59.26200826440531,35.53165271416684,64.16319643469771,45.65093663887886,46.036324538145145
121,강동구,천호동,55.325487808448415,40.74302880438209,59.81775554479235,58.930982752288074,52.621240289725954,57.71627692981447,75.23151811646612
122,강동구,강일동,55.29897350565267,40.74302880438209,59.81775554479235,47.35196307181274,48.03575686986328,58.51725595248752,46.036324538145145
123,강동구,둔촌동,55.29897350565267,40.74302880438209,59.81775554479235,47.4540079623863,50.750715104804044,57.571875131449325,46.036324538145145
124,강동구,성내동,55.29897350565267,40.74302880438209,59.81775554479235,58.52222154522994,52.434818576484446,60.15936755571165,46.036324538145145
125,강동구,암사동,55.29897350565267,40.74302880438209,59.81775554479235,58.044749315256354,49.88586298577637,56.623294303137854,46.036324538145145
126,강동구,명일동,55.29897350565267,40.74302880438209,59.81775554479235,48.13033762883108,49.18980358169214,57.571875131449325,75.22833150266926
127,강동구,길동,55.29897350565267,40.74302880438209,59.81775554479235,58.25882748354634,51.93020086188138,57.857304177963904,46.036324538145145
128,강동구,고덕동,55.29897350565267,40.74302880438209,59.81775554479235,57.32360931368906,46.679243670520734,58.26174731400201,46.036324538145145
129,강동구,상일동,44.202853350676776,40.74302880438209,59.81775554479235,56.99521102096117,47.76297375204013,59.445642661542664,46.036324538145145
130,동작구,노량진동,61.90392398345475,45.4664743694611,62.42289766941429,58.046568389559965,55.57530890116161,58.12989040666804,46.036324538145145
131,동작구,상도1동,61.87740968065901,45.4664743694611,62.42289766941429,56.640990678982,60.602618506237,53.50001340011638,46.036324538145145
132,동작구,흑석동,61.87740968065901,45.4664743694611,62.42289766941429,58.15479499197245,51.39387932066561,59.1134100956872,46.036324538145145
133,동작구,대방동,61.87740968065901,45.4664743694611,62.42289766941429,57.60550176981195,52.95056365972235,59.55261861074623,46.036324538145145
134,동작구,사당동,61.87740968065901,45.4664743694611,62.42289766941429,58.82927819495425,53.1439450988799,62.14365206345773,75.22833150266926
135,동작구,신대방동,61.87740968065901,45.4664743694611,62.42289766941429,57.59647316053198,52.329690049063444,58.51725595248752,46.036324538145145
136,동작구,상도동,61.87740968065901,45.4664743694611,62.42289766941429,58.816316673912794,52.79778727816543,64.79054103834287,46.036324538145145
137,동작구,본동,50.781289525683114,45.4664743694611,62.42289766941429,45.820226411266546,50.72979907017894,55.27709489402691,46.036324538145145
138,동작구,동작동,50.781289525683114,45.4664743694611,62.42289766941429,45.42416158269311,49.14096460195038,52.861601556740204,46.036324538145145
139,은평구,진관동,53.84112723460719,41.26012569037555,61.63029943915461,58.40549430327218,49.351705377770344,61.14281148923592,75.22833150266926
140,은평구,구산동,53.79964108327742,41.26012569037555,61.63029943915461,56.744540425338144,50.52963685123245,53.79241783424738,46.036324538145145
141,은평구,신사동,53.79964108327742,41.26012569037555,61.63029943915461,57.24447194033901,50.939876852428085,57.995123819201595,46.036324538145145
142,은평구,불광동,53.79964108327742,41.26012569037555,61.63029943915461,57.95826969153173,50.994480526791385,60.442581658613506,46.036324538145145
143,은평구,응암동,53.79964108327742,41.26012569037555,61.63029943915461,58.730384322112755,50.14128332500948,61.545587023542026,75.22833150266926
144,은평구,증산동,53.79964108327742,41.26012569037555,61.63029943915461,56.83663918622722,50.71081337952239,52.861601556740204,46.036324538145145
145,은평구,갈현동,42.70352092830153,41.26012569037555,61.63029943915461,47.70396429200571,51.37543429344406,57.857304177963904,46.036324538145145
146,은평구,역촌동,42.70352092830153,41.26012569037555,61.63029943915461,57.60550176981195,50.870766558262225,57.857304177963904,46.036324538145145
147,은평구,녹번동,42.70352092830153,41.26012569037555,61.63029943915461,57.673283342371384,50.85679326667415,55.27709489402691,46.036324538145145
148,은평구,대조동,42.70352092830153,41.26012569037555,61.63029943915461,47.73955950766452,54.851232915422116,55.27709489402691,46.036324538145145
149,은평구,수색동,42.70352092830153,41.26012569037555,61.63029943915461,56.522581846391304,51.08931792162805,54.069660568735735,75.22833150266926
150,중구,신당동,55.68027615984913,55.41198939034237,36.638432597799515,58.655495973297754,51.15776760361916,58.76261063126594,46.036324538145145
151,중구,만리동2가,55.6469882026232,55.41198939034237,36.638432597799515,55.71273527979282,48.37802073085643,45.65093663887886,46.036324538145145
152,중구,묵정동,55.62047389982745,55.41198939034237,36.638432597799515,45.33870082245069,57.47610077566972,43.45101496777316,46.036324538145145
153,중구,남대문로5가,44.52435374485156,55.41198939034237,36.638432597799515,56.47581130486962,42.15426739709847,51.72587288894799,46.036324538145145
154,중구,태평로2가,44.52435374485156,55.41198939034237,36.638432597799515,56.00480370111699,52.613100600744836,51.28212478464065,46.036324538145145
155,중구,중림동,44.52435374485156,55.41198939034237,36.638432597799515,46.32431749744397,51.25664254152837,50.79422738980435,46.036324538145145
156,중구,장충동2가,44.52435374485156,55.41198939034237,36.638432597799515,45.94688819847477,57.80637897179438,50.25134468045445,46.036324538145145
157,중구,봉래동2가,44.52435374485156,55.41198939034237,36.638432597799515,35.53165271416684,13.187359459466421,49.63790760869819,75.22833150266926
158,중구,태평로1가,44.52435374485156,55.41198939034237,36.638432597799515,55.75393630675862,13.187359459466421,49.63790760869819,46.036324538145145
159,중구,남대문로3가,44.52435374485156,55.41198939034237,36.638432597799515,56.00480370111699,13.187359459466421,49.63790760869819,46.036324538145145
160,중구,황학동,44.52435374485156,55.41198939034237,36.638432597799515,56.522581846391304,55.147102231494614,49.63790760869819,75.22833150266926
161,중구,남창동,44.52435374485156,55.41198939034237,36.638432597799515,46.63007297786504,45.921884166422906,48.93030629868386,46.036324538145145
162,중구,남대문로2가,44.52435374485156,55.41198939034237,36.638432597799515,45.33870082245069,13.187359459466421,48.93030629868386,46.036324538145145
163,중구,을지로6가,44.52435374485156,55.41198939034237,36.638432597799515,56.522581846391304,61.38815056539693,48.93030629868386,46.036324538145145
164,중구,을지로7가,44.52435374485156,55.41198939034237,36.638432597799515,45.68314652159249,51.64165476334174,48.93030629868386,46.036324538145145
165,중구,의주로1가,44.52435374485156,55.41198939034237,36.638432597799515,35.53165271416684,51.9974769118772,48.93030629868386,46.036324538145145
166,중구,봉래동1가,44.52435374485156,55.41198939034237,36.638432597799515,35.53165271416684,40.33656024211457,48.09000824504064,46.036324538145145
167,중구,광희동2가,44.52435374485156,55.41198939034237,36.638432597799515,45.33870082245069,54.274489923285095,48.09000824504064,46.036324538145145
168,중구,장충동1가,44.52435374485156,55.41198939034237,36.638432597799515,55.231209690976954,54.104481160012405,48.09000824504064,46.036324538145145
169,중구,을지로2가,44.52435374485156,55.41198939034237,36.638432597799515,46.32431749744397,54.50799182854738,47.04706512735716,46.036324538145145
170,중구,쌍림동,44.52435374485156,55.41198939034237,36.638432597799515,45.33870082245069,54.65661013449414,47.04706512735716,46.036324538145145
171,중구,을지로4가,44.52435374485156,55.41198939034237,36.638432597799515,46.11229483259072,56.86371039025301,47.04706512735716,46.036324538145145
172,중구,을지로5가,44.52435374485156,55.41198939034237,36.638432597799515,35.53165271416684,57.75668505194751,47.04706512735716,46.036324538145145
173,중구,방산동,44.52435374485156,55.41198939034237,36.638432597799515,35.53165271416684,37.839699414139105,47.04706512735716,46.036324538145145
174,중구,서소문동,44.52435374485156,55.41198939034237,36.638432597799515,56.384081793200295,46.96752982923596,47.04706512735716,46.036324538145145
175,중구,정동,44.52435374485156,55.41198939034237,36.638432597799515,46.3748676511122,53.12495724311961,47.04706512735716,46.036324538145145
176,중구,만리동1가,44.52435374485156,55.41198939034237,36.638432597799515,45.68314652159249,50.34842400322219,47.04706512735716,46.036324538145145
177,중구,회현동1가,44.52435374485156,55.41198939034237,36.638432597799515,56.12541621885838,49.37145151810082,47.04706512735716,46.036324538145145
178,중구,필동1가,44.52435374485156,55.41198939034237,36.638432597799515,45.820226411266546,56.61228342162479,47.04706512735716,46.036324538145145
179,중구,을지로1가,44.52435374485156,55.41198939034237,36.638432597799515,45.33870082245069,13.187359459466421,45.65093663887886,46.036324538145145
180,중구,남대문로1가,44.52435374485156,55.41198939034237,36.638432597799515,35.53165271416684,13.187359459466421,45.65093663887886,46.036324538145145
181,중구,소공동,44.52435374485156,55.41198939034237,36.638432597799515,55.71273527979282,13.187359459466421,45.65093663887886,75.22833150266926
182,중구,주교동,44.52435374485156,55.41198939034237,36.638432597799515,35.53165271416684,45.87736494827492,45.65093663887886,46.036324538145145
183,중구,을지로3가,44.52435374485156,55.41198939034237,36.638432597799515,55.231209690976954,47.73789610637801,45.65093663887886,46.036324538145145
184,중구,흥인동,44.52435374485156,55.41198939034237,36.638432597799515,56.00480370111699,58.15603560884192,45.65093663887886,46.036324538145145
185,중구,순화동,44.52435374485156,55.41198939034237,36.638432597799515,35.53165271416684,49.652207153886174,45.65093663887886,46.036324538145145
186,중구,회현동2가,44.52435374485156,55.41198939034237,36.638432597799515,45.42416158269311,49.1845338203443,45.65093663887886,46.036324538145145
187,중구,충무로1가,44.52435374485156,55.41198939034237,36.638432597799515,56.00480370111699,45.698631615478384,45.65093663887886,75.22833150266926
188,중구,저동1가,44.52435374485156,55.41198939034237,36.638432597799515,45.42416158269311,40.87897693943457,45.65093663887886,46.036324538145145
189,중구,충무로4가,44.52435374485156,55.41198939034237,36.638432597799515,45.820226411266546,50.48394027032996,45.65093663887886,46.036324538145145
190,중구,예장동,44.52435374485156,55.41198939034237,36.638432597799515,45.836842521758676,51.40929492244085,45.65093663887886,46.036324538145145
191,중구,삼각동,44.52435374485156,55.41198939034237,36.638432597799515,35.53165271416684,13.187359459466421,43.45101496777316,46.036324538145145
192,중구,수표동,44.52435374485156,55.41198939034237,36.638432597799515,45.33870082245069,13.187359459466421,43.45101496777316,46.036324538145145
193,중구,광희동1가,44.52435374485156,55.41198939034237,36.638432597799515,45.33870082245069,57.500285374091035,43.45101496777316,46.036324538145145
194,중구,입정동,44.52435374485156,55.41198939034237,36.638432597799515,35.53165271416684,57.13872319530872,43.45101496777316,46.036324538145145
195,중구,초동,44.52435374485156,55.41198939034237,36.638432597799515,55.231209690976954,47.09437960602175,43.45101496777316,46.036324538145145
196,중구,무학동,44.52435374485156,55.41198939034237,36.638432597799515,45.820226411266546,56.76403733072038,43.45101496777316,46.036324538145145
197,중구,충정로1가,44.52435374485156,55.41198939034237,36.638432597799515,35.53165271416684,13.187359459466421,43.45101496777316,46.036324538145145
198,중구,충무로2가,44.52435374485156,55.41198939034237,36.638432597799515,46.32431749744397,64.85558391143766,43.45101496777316,46.036324538145145
199,중구,남산동1가,44.52435374485156,55.41198939034237,36.638432597799515,55.231209690976954,46.30585215739458,43.45101496777316,46.036324538145145
200,중구,충무로5가,44.52435374485156,55.41198939034237,36.638432597799515,45.33870082245069,62.073932692920536,43.45101496777316,46.036324538145145
201,중구,예관동,44.52435374485156,55.41198939034237,36.638432597799515,35.53165271416684,43.2600073894706,43.45101496777316,46.036324538145145
202,중구,필동2가,44.52435374485156,55.41198939034237,36.638432597799515,55.910455218577184,52.940363591431016,43.45101496777316,46.036324538145145
203,중구,무교동,44.52435374485156,55.41198939034237,36.638432597799515,46.11229483259072,13.187359459466421,23.235414560358187,46.036324538145145
204,중구,다동,44.52435374485156,55.41198939034237,36.638432597799515,55.49019462987634,53.54229765556607,23.235414560358187,46.036324538145145
205,중구,장교동,44.52435374485156,55.41198939034237,36.638432597799515,45.33870082245069,13.187359459466421,23.235414560358187,46.036324538145145
206,중구,북창동,44.52435374485156,55.41198939034237,36.638432597799515,45.33870082245069,46.901927629039285,23.235414560358187,46.036324538145145
207,중구,남대문로4가,44.52435374485156,55.41198939034237,36.638432597799515,45.33870082245069,13.187359459466421,23.235414560358187,46.036324538145145
208,중구,회현동3가,44.52435374485156,55.41198939034237,36.638432597799515,35.53165271416684,53.50221057557405,23.235414560358187,46.036324538145145
209,중구,명동1가,44.52435374485156,55.41198939034237,36.638432597799515,56.00480370111699,49.386004455224736,23.235414560358187,46.036324538145145
210,중구,명동2가,44.52435374485156,55.41198939034237,36.638432597799515,56.52753031689865,33.18305731544629,23.235414560358187,46.036324538145145
211,중구,남산동2가,44.52435374485156,55.41198939034237,36.638432597799515,45.42416158269311,51.124807483934006,23.235414560358187,46.036324538145145
212,중구,남산동3가,44.52435374485156,55.41198939034237,36.638432597799515,35.53165271416684,51.419545789701544,23.235414560358187,46.036324538145145
213,중구,인현동2가,44.52435374485156,55.41198939034237,36.638432597799515,45.33870082245069,57.84596839036685,23.235414560358187,46.036324538145145
214,중구,필동3가,44.52435374485156,55.41198939034237,36.638432597799515,55.231209690976954,56.754604890534466,23.235414560358187,46.036324538145145
215,중구,남학동,44.52435374485156,55.41198939034237,36.638432597799515,35.53165271416684,37.67393391824493,23.235414560358187,46.036324538145145
216,중구,주자동,44.52435374485156,55.41198939034237,36.638432597799515,35.53165271416684,39.379513881677845,23.235414560358187,46.036324538145145
217,중구,오장동,44.52435374485156,55.41198939034237,36.638432597799515,45.33870082245069,64.31339783066844,23.235414560358187,46.036324538145145
218,중구,산림동,44.52435374485156,55.41198939034237,36.638432597799515,35.53165271416684,38.18699627190401,23.235414560358187,46.036324538145145
219,중구,충무로3가,44.52435374485156,55.41198939034237,36.638432597799515,35.53165271416684,59.613866457320455,23.235414560358187,46.036324538145145
220,중구,인현동1가,44.52435374485156,55.41198939034237,36.638432597799515,45.42416158269311,44.84513565993803,23.235414560358187,46.036324538145145
221,중구,저동2가,44.52435374485156,55.41198939034237,36.638432597799515,46.32431749744397,59.97343679691385,23.235414560358187,46.036324538145145
222,중구,의주로2가,44.52435374485156,55.41198939034237,36.638432597799515,45.42416158269311,13.187359459466421,23.235414560358187,46.036324538145145
223,종로구,동숭동,62.734594464389936,65.18687295114741,38.77477770532562,56.77756653313737,54.83454635921077,45.65093663887886,46.036324538145145
224,종로구,사직동,62.734594464389936,65.18687295114741,38.77477770532562,55.83986865855866,48.91544112685521,51.72587288894799,46.036324538145145
225,종로구,화동,62.70808016159419,65.18687295114741,38.77477770532562,45.836842521758676,48.2425074804355,43.45101496777316,46.036324538145145
226,종로구,숭인동,62.70808016159419,65.18687295114741,38.77477770532562,56.78156678529069,55.1689663604072,54.069660568735735,46.036324538145145
227,종로구,명륜3가,62.70808016159419,65.18687295114741,38.77477770532562,55.231209690976954,58.816533218208654,52.51039639558329,46.036324538145145
228,종로구,청운동,62.70808016159419,65.18687295114741,38.77477770532562,45.68314652159249,49.33149016339608,50.25134468045445,46.036324538145145
229,종로구,평창동,51.6119600066183,65.18687295114741,38.77477770532562,56.79611609806526,49.07865941717938,57.71627692981447,46.036324538145145
230,종로구,홍지동,51.6119600066183,65.18687295114741,38.77477770532562,45.68314652159249,50.73273833872938,54.33335376760151,46.036324538145145
231,종로구,구기동,51.6119600066183,65.18687295114741,38.77477770532562,55.71273527979282,48.78601741665918,53.79241783424738,46.036324538145145
232,종로구,창신동,51.6119600066183,65.18687295114741,38.77477770532562,57.65715287940458,50.42598676525118,53.50001340011638,46.036324538145145
233,종로구,연건동,51.6119600066183,65.18687295114741,38.77477770532562,57.24932012529278,60.50583195511797,52.861601556740204,46.036324538145145
234,종로구,혜화동,51.6119600066183,65.18687295114741,38.77477770532562,57.00813876291851,54.84171464919524,52.133332494447934,46.036324538145145
235,종로구,부암동,51.6119600066183,65.18687295114741,38.77477770532562,46.16335139628302,50.239188189250136,51.28212478464065,46.036324538145145
236,종로구,세종로,51.6119600066183,65.18687295114741,38.77477770532562,35.53165271416684,13.187359459466421,51.28212478464065,46.036324538145145
237,종로구,가회동,51.6119600066183,65.18687295114741,38.77477770532562,46.261601294163,47.11512781129867,50.79422738980435,46.036324538145145
238,종로구,종로5가,51.6119600066183,65.18687295114741,38.77477770532562,47.666893269899916,53.77953768040133,50.25134468045445,46.036324538145145
239,종로구,삼청동,51.6119600066183,65.18687295114741,38.77477770532562,46.03282055027481,49.34472617337523,50.25134468045445,46.036324538145145
240,종로구,신영동,51.6119600066183,65.18687295114741,38.77477770532562,45.33870082245069,49.045525049154186,49.63790760869819,46.036324538145145
241,종로구,평동,51.6119600066183,65.18687295114741,38.77477770532562,56.919633861574425,45.82328187161749,49.63790760869819,46.036324538145145
242,종로구,교북동,51.6119600066183,65.18687295114741,38.77477770532562,45.33870082245069,52.33557125476809,49.63790760869819,46.036324538145145
243,종로구,명륜1가,51.6119600066183,65.18687295114741,38.77477770532562,56.12541621885838,55.562111034270345,49.63790760869819,46.036324538145145
244,종로구,견지동,51.6119600066183,65.18687295114741,38.77477770532562,55.64389063004252,49.13675473178325,49.63790760869819,46.036324538145145
245,종로구,무악동,51.6119600066183,65.18687295114741,38.77477770532562,46.11229483259072,47.51601904574698,48.93030629868386,46.036324538145145
246,종로구,종로3가,51.6119600066183,65.18687295114741,38.77477770532562,46.63007297786504,49.1326992175015,48.93030629868386,46.036324538145145
247,종로구,종로4가,51.6119600066183,65.18687295114741,38.77477770532562,47.17211550626341,13.187359459466421,48.93030629868386,46.036324538145145
248,종로구,신문로1가,51.6119600066183,65.18687295114741,38.77477770532562,56.643066732099676,41.90388971254469,48.93030629868386,46.036324538145145
249,종로구,종로2가,51.6119600066183,65.18687295114741,38.77477770532562,46.11229483259072,50.786096200162284,48.93030629868386,46.036324538145145
250,종로구,교남동,51.6119600066183,65.18687295114741,38.77477770532562,45.33870082245069,48.23869966827075,48.09000824504064,46.036324538145145
251,종로구,행촌동,51.6119600066183,65.18687295114741,38.77477770532562,45.42416158269311,51.688881452686964,48.09000824504064,46.036324538145145
252,종로구,명륜2가,51.6119600066183,65.18687295114741,38.77477770532562,56.7395529817519,56.64051495286711,48.09000824504064,46.036324538145145
253,종로구,재동,51.6119600066183,65.18687295114741,38.77477770532562,55.231209690976954,46.0235789804953,48.09000824504064,46.036324538145145
254,종로구,계동,51.6119600066183,65.18687295114741,38.77477770532562,55.75393630675862,47.96383535206613,48.09000824504064,46.036324538145145
255,종로구,원남동,51.6119600066183,65.18687295114741,38.77477770532562,46.32431749744397,61.73125500601672,48.09000824504064,46.036324538145145
256,종로구,종로6가,51.6119600066183,65.18687295114741,38.77477770532562,56.78156678529069,47.72522206346569,48.09000824504064,46.036324538145145
257,종로구,통인동,51.6119600066183,65.18687295114741,38.77477770532562,45.33870082245069,50.566103628582894,48.09000824504064,46.036324538145145
258,종로구,내자동,51.6119600066183,65.18687295114741,38.77477770532562,56.21682636597024,47.870658682161285,48.09000824504064,46.036324538145145
259,종로구,종로1가,51.6119600066183,65.18687295114741,38.77477770532562,46.74848181045573,53.060007878673744,48.09000824504064,46.036324538145145
260,종로구,경운동,51.6119600066183,65.18687295114741,38.77477770532562,55.9717202186922,55.963913907264036,48.09000824504064,46.036324538145145
261,종로구,관철동,51.6119600066183,65.18687295114741,38.77477770532562,56.26378864001637,59.905197696653005,48.09000824504064,46.036324538145145
262,종로구,예지동,51.6119600066183,65.18687295114741,38.77477770532562,35.53165271416684,42.13037622219688,47.04706512735716,46.036324538145145
263,종로구,효제동,51.6119600066183,65.18687295114741,38.77477770532562,35.53165271416684,62.322660202708455,47.04706512735716,46.036324538145145
264,종로구,충신동,51.6119600066183,65.18687295114741,38.77477770532562,35.53165271416684,51.14907303307112,47.04706512735716,46.036324538145145
265,종로구,누하동,51.6119600066183,65.18687295114741,38.77477770532562,55.231209690976954,50.45710330062164,47.04706512735716,46.036324538145145
266,종로구,신문로2가,51.6119600066183,65.18687295114741,38.77477770532562,45.836842521758676,49.667530685143234,47.04706512735716,46.036324538145145
267,종로구,안국동,51.6119600066183,65.18687295114741,38.77477770532562,56.235461895574474,48.53434892803014,47.04706512735716,46.036324538145145
268,종로구,원서동,51.6119600066183,65.18687295114741,38.77477770532562,45.94688819847477,50.47926115484875,45.65093663887886,46.036324538145145
269,종로구,인의동,51.6119600066183,65.18687295114741,38.77477770532562,35.53165271416684,52.25100939415575,45.65093663887886,46.036324538145145
270,종로구,이화동,51.6119600066183,65.18687295114741,38.77477770532562,45.68314652159249,54.01438653688898,45.65093663887886,46.036324538145145
271,종로구,통의동,51.6119600066183,65.18687295114741,38.77477770532562,45.94688819847477,54.5055156252624,45.65093663887886,46.036324538145145
272,종로구,공평동,51.6119600066183,65.18687295114741,38.77477770532562,45.42416158269311,13.187359459466421,45.65093663887886,46.036324538145145
273,종로구,관훈동,51.6119600066183,65.18687295114741,38.77477770532562,56.270363072574725,46.43356242204262,45.65093663887886,46.036324538145145
274,종로구,와룡동,51.6119600066183,65.18687295114741,38.77477770532562,46.10340711029333,45.08955767591615,45.65093663887886,46.036324538145145
275,종로구,운니동,51.6119600066183,65.18687295114741,38.77477770532562,45.42416158269311,53.3110901333494,45.65093663887886,46.036324538145145
276,종로구,송월동,51.6119600066183,65.18687295114741,38.77477770532562,45.42416158269311,48.43803292428851,43.45101496777316,46.036324538145145
277,종로구,홍파동,51.6119600066183,65.18687295114741,38.77477770532562,55.71273527979282,46.979730642586645,43.45101496777316,46.036324538145145
278,종로구,명륜4가,51.6119600066183,65.18687295114741,38.77477770532562,57.05367161804757,58.30593794415954,43.45101496777316,46.036324538145145
279,종로구,묘동,51.6119600066183,65.18687295114741,38.77477770532562,45.820226411266546,34.658627176033946,43.45101496777316,46.036324538145145
280,종로구,장사동,51.6119600066183,65.18687295114741,38.77477770532562,45.42416158269311,46.83042078262609,43.45101496777316,46.036324538145145
281,종로구,관수동,51.6119600066183,65.18687295114741,38.77477770532562,45.42416158269311,57.68065304611437,43.45101496777316,46.036324538145145
282,종로구,사간동,51.6119600066183,65.18687295114741,38.77477770532562,45.836842521758676,46.740387703144926,43.45101496777316,46.036324538145145
283,종로구,송현동,51.6119600066183,65.18687295114741,38.77477770532562,35.53165271416684,13.187359459466421,43.45101496777316,46.036324538145145
284,종로구,신교동,51.6119600066183,65.18687295114741,38.77477770532562,35.53165271416684,50.428631060550394,43.45101496777316,46.036324538145145
285,종로구,궁정동,51.6119600066183,65.18687295114741,38.77477770532562,35.53165271416684,50.08243765301192,43.45101496777316,46.036324538145145
286,종로구,효자동,51.6119600066183,65.18687295114741,38.77477770532562,35.53165271416684,50.29502118643029,43.45101496777316,46.036324538145145
287,종로구,창성동,51.6119600066183,65.18687295114741,38.77477770532562,45.33870082245069,48.4438692881959,43.45101496777316,46.036324538145145
288,종로구,누상동,51.6119600066183,65.18687295114741,38.77477770532562,35.53165271416684,49.491895224712,43.45101496777316,46.036324538145145
289,종로구,옥인동,51.6119600066183,65.18687295114741,38.77477770532562,56.12541621885838,51.5564109001722,43.45101496777316,46.036324538145145
290,종로구,체부동,51.6119600066183,65.18687295114741,38.77477770532562,45.68314652159249,49.54982841052264,43.45101496777316,46.036324538145145
291,종로구,서린동,51.6119600066183,65.18687295114741,38.77477770532562,45.68314652159249,13.187359459466421,43.45101496777316,46.036324538145145
292,종로구,중학동,51.6119600066183,65.18687295114741,38.77477770532562,45.42416158269311,52.84688033758262,43.45101496777316,46.036324538145145
293,종로구,권농동,51.6119600066183,65.18687295114741,38.77477770532562,45.42416158269311,42.06781154657114,43.45101496777316,46.036324538145145
294,종로구,인사동,51.6119600066183,65.18687295114741,38.77477770532562,45.94688819847477,44.508619034060175,43.45101496777316,46.036324538145145
295,종로구,낙원동,51.6119600066183,65.18687295114741,38.77477770532562,55.71273527979282,48.54174560340468,43.45101496777316,46.036324538145145
296,종로구,팔판동,51.6119600066183,65.18687295114741,38.77477770532562,45.42416158269311,48.19315019043058,43.45101496777316,46.036324538145145
297,종로구,소격동,51.6119600066183,65.18687295114741,38.77477770532562,55.83986865855866,43.41981858517354,43.45101496777316,46.036324538145145
298,종로구,적선동,51.6119600066183,65.18687295114741,38.77477770532562,46.11229483259072,47.950950677098795,23.235414560358187,46.036324538145145
299,종로구,필운동,51.6119600066183,65.18687295114741,38.77477770532562,45.42416158269311,51.4286858644172,23.235414560358187,46.036324538145145
300,종로구,도렴동,51.6119600066183,65.18687295114741,38.77477770532562,35.53165271416684,13.187359459466421,23.235414560358187,46.036324538145145
301,종로구,당주동,51.6119600066183,65.18687295114741,38.77477770532562,45.820226411266546,45.89548227349455,23.235414560358187,46.036324538145145
302,종로구,내수동,51.6119600066183,65.18687295114741,38.77477770532562,35.53165271416684,52.717230658227415,23.235414560358187,46.036324538145145
303,종로구,청진동,51.6119600066183,65.18687295114741,38.77477770532562,46.63007297786504,47.50505387957862,23.235414560358187,46.036324538145145
304,종로구,수송동,51.6119600066183,65.18687295114741,38.77477770532562,55.71273527979282,48.02028803699956,23.235414560358187,46.036324538145145
305,종로구,익선동,51.6119600066183,65.18687295114741,38.77477770532562,45.42416158269311,53.584739867965794,23.235414560358187,46.036324538145145
306,종로구,봉익동,51.6119600066183,65.18687295114741,38.77477770532562,35.53165271416684,45.37315511893589,23.235414560358187,46.036324538145145
307,종로구,돈의동,51.6119600066183,65.18687295114741,38.77477770532562,45.33870082245069,30.5276762731429,23.235414560358187,46.036324538145145
308,종로구,연지동,51.6119600066183,65.18687295114741,38.77477770532562,45.42416158269311,64.02351954327453,23.235414560358187,46.036324538145145
309,광진구,광장동,57.92301051077979,37.487719248216564,53.42286245755398,57.423785952938374,47.908438393695214,57.71627692981447,46.036324538145145
310,광진구,자양동,57.92301051077979,37.487719248216564,53.42286245755398,58.852854236811055,52.22745452786294,60.15936755571165,75.23040601289262
311,광진구,구의동,57.89649620798404,37.487719248216564,53.42286245755398,58.23302498901042,52.89358846900573,59.963424942147846,75.22833150266926
312,광진구,군자동,57.89649620798404,37.487719248216564,53.42286245755398,57.05367161804757,56.300288661695795,55.89315592383393,46.036324538145145
313,광진구,중곡동,57.89649620798404,37.487719248216564,53.42286245755398,58.45797281731428,53.121598525967286,62.75911810244445,46.036324538145145
314,광진구,화양동,46.80037605300815,37.487719248216564,53.42286245755398,57.50345687923839,63.788171081763316,54.33335376760151,46.036324538145145
315,광진구,능동,46.80037605300815,37.487719248216564,53.42286245755398,57.04530846217297,56.3734118821134,50.79422738980435,46.036324538145145
316,강북구,미아동,50.91664072346895,48.1078408829805,55.43700916575745,59.09655204890839,49.87982429410148,66.13378521529539,75.23040601289262
317,강북구,번동,50.856838463447275,48.1078408829805,55.43700916575745,57.93340363216657,50.303486607938275,63.324253022481116,46.036324538145145
318,강북구,수유동,50.856838463447275,48.1078408829805,55.43700916575745,58.868728154952166,50.925800010350414,65.66907682457452,46.036324538145145
319,강북구,우이동,39.76071830847138,48.1078408829805,55.43700916575745,56.78156678529069,49.40935994827984,53.50001340011638,46.036324538145145
320,성동구,행당동,55.6469882026232,54.538666769865664,60.30961296076336,58.14378190397604,52.968055078590005,60.062140803001284,75.23040601289262
321,성동구,금호동1가,55.62047389982745,54.538666769865664,60.30961296076336,46.63007297786504,48.950130834058065,56.44920668436303,46.036324538145145
322,성동구,성수동1가,55.62047389982745,54.538666769865664,60.30961296076336,57.83265073243106,52.76889708474333,58.51725595248752,46.036324538145145
323,성동구,옥수동,55.62047389982745,54.538666769865664,60.30961296076336,46.944130317700946,49.21750708552825,57.42391806879729,46.036324538145145
324,성동구,용답동,55.62047389982745,54.538666769865664,60.30961296076336,57.26726704111981,56.32312794696845,52.861601556740204,46.036324538145145
325,성동구,상왕십리동,55.62047389982745,54.538666769865664,60.30961296076336,45.820226411266546,49.26926792718586,48.93030629868386,46.036324538145145
326,성동구,성수동2가,44.52435374485156,54.538666769865664,60.30961296076336,57.52072269310101,52.38066884304212,59.1134100956872,46.036324538145145
327,성동구,마장동,44.52435374485156,54.538666769865664,60.30961296076336,56.83663918622722,53.883324079478385,56.7923454756642,46.036324538145145
328,성동구,응봉동,44.52435374485156,54.538666769865664,60.30961296076336,45.820226411266546,49.280378404741036,56.44920668436303,46.036324538145145
329,성동구,금호동4가,44.52435374485156,54.538666769865664,60.30961296076336,46.74848181045573,48.51551461295331,56.44920668436303,46.036324538145145
330,성동구,하왕십리동,44.52435374485156,54.538666769865664,60.30961296076336,47.4540079623863,51.009017205337344,55.89315592383393,46.036324538145145
331,성동구,금호동2가,44.52435374485156,54.538666769865664,60.30961296076336,46.32431749744397,49.19607597588697,55.27709489402691,46.036324538145145
332,성동구,송정동,44.52435374485156,54.538666769865664,60.30961296076336,46.491572924674024,52.40383896556383,53.79241783424738,46.036324538145145
333,성동구,금호동3가,44.52435374485156,54.538666769865664,60.30961296076336,56.744540425338144,50.71533674996903,53.50001340011638,46.036324538145145
334,성동구,사근동,44.52435374485156,54.538666769865664,60.30961296076336,55.231209690976954,60.08106127294354,52.861601556740204,46.036324538145145
335,성동구,도선동,44.52435374485156,54.538666769865664,60.30961296076336,46.63007297786504,59.17749289173084,48.09000824504064,46.036324538145145
336,성동구,홍익동,44.52435374485156,54.538666769865664,60.30961296076336,46.11229483259072,52.85893459637053,47.04706512735716,46.036324538145145
337,영등포구,대림동,62.18613130657484,49.39149857075696,49.71362823423187,58.150032667354026,51.286451097044086,60.534309353127185,46.036324538145145
338,영등포구,문래동3가,62.18613130657484,49.39149857075696,49.71362823423187,56.919633861574425,48.84197241935589,54.58485983791671,75.22833150266926
339,영등포구,당산동,62.18613130657484,49.39149857075696,49.71362823423187,45.42416158269311,59.69863949483053,52.51039639558329,46.036324538145145
340,영등포구,양평동3가,62.18613130657484,49.39149857075696,49.71362823423187,45.820226411266546,53.5134327993502,52.861601556740204,75.23040601289262
341,영등포구,여의도동,62.18613130657484,49.39149857075696,49.71362823423187,59.150710581121146,49.50425308055883,59.86316945927658,75.23040601289262
342,영등포구,당산동1가,62.18613130657484,49.39149857075696,49.71362823423187,46.491572924674024,56.23845598699509,48.09000824504064,46.036324538145145
343,영등포구,신길동,51.09001115159895,49.39149857075696,49.71362823423187,48.38685683519329,51.63897697514624,65.2659798125766,46.036324538145145
344,영등포구,도림동,51.09001115159895,49.39149857075696,49.71362823423187,46.74848181045573,52.89919155747216,55.69514880342161,46.036324538145145
345,영등포구,당산동5가,51.09001115159895,49.39149857075696,49.71362823423187,46.74848181045573,53.10498476807675,54.33335376760151,46.036324538145145
346,영등포구,영등포동,51.09001115159895,49.39149857075696,49.71362823423187,56.640990678982,51.05058747011742,52.51039639558329,75.22833150266926
347,영등포구,양평동1가,51.09001115159895,49.39149857075696,49.71362823423187,35.53165271416684,53.88953906964183,51.28212478464065,46.036324538145145
348,영등포구,양평동4가,51.09001115159895,49.39149857075696,49.71362823423187,56.21682636597024,56.95204312140707,50.79422738980435,46.036324538145145
349,영등포구,문래동6가,51.09001115159895,49.39149857075696,49.71362823423187,46.32431749744397,51.056903266151885,50.79422738980435,46.036324538145145
350,영등포구,영등포동8가,51.09001115159895,49.39149857075696,49.71362823423187,46.11229483259072,56.70850717258506,50.79422738980435,75.22833150266926
351,영등포구,당산동2가,51.09001115159895,49.39149857075696,49.71362823423187,45.820226411266546,56.57893014248754,50.79422738980435,46.036324538145145
352,영등포구,영등포동7가,51.09001115159895,49.39149857075696,49.71362823423187,55.71273527979282,56.48513131732014,50.25134468045445,46.036324538145145
353,영등포구,당산동3가,51.09001115159895,49.39149857075696,49.71362823423187,56.47581130486962,54.81235213465377,50.25134468045445,46.036324538145145
354,영등포구,영등포동4가,51.09001115159895,49.39149857075696,49.71362823423187,57.1288318288225,60.510924175987796,50.25134468045445,75.23040601289262
355,영등포구,양평동5가,51.09001115159895,49.39149857075696,49.71362823423187,56.00480370111699,54.937288874516504,49.63790760869819,46.036324538145145
356,영등포구,문래동5가,51.09001115159895,49.39149857075696,49.71362823423187,35.53165271416684,50.637678016392314,49.63790760869819,46.036324538145145
357,영등포구,양평동2가,51.09001115159895,49.39149857075696,49.71362823423187,46.11229483259072,54.856070065999845,49.63790760869819,46.036324538145145
358,영등포구,당산동6가,51.09001115159895,49.39149857075696,49.71362823423187,46.63007297786504,61.67347781013191,49.63790760869819,46.036324538145145
359,영등포구,당산동4가,51.09001115159895,49.39149857075696,49.71362823423187,46.491572924674024,52.61891074694611,49.63790760869819,46.036324538145145
360,영등포구,영등포동3가,51.09001115159895,49.39149857075696,49.71362823423187,46.74848181045573,63.35994006944011,49.63790760869819,46.036324538145145
361,영등포구,양화동,51.09001115159895,49.39149857075696,49.71362823423187,35.53165271416684,13.187359459466421,48.09000824504064,46.036324538145145
362,영등포구,영등포동6가,51.09001115159895,49.39149857075696,49.71362823423187,46.11229483259072,60.40881093830138,48.09000824504064,46.036324538145145
363,영등포구,영등포동2가,51.09001115159895,49.39149857075696,49.71362823423187,46.32431749744397,64.71288681429024,48.09000824504064,46.036324538145145
364,영등포구,양평동6가,51.09001115159895,49.39149857075696,49.71362823423187,35.53165271416684,57.23203298626791,47.04706512735716,46.036324538145145
365,영등포구,문래동2가,51.09001115159895,49.39149857075696,49.71362823423187,55.231209690976954,49.82405635065516,47.04706512735716,46.036324538145145
366,영등포구,영등포동5가,51.09001115159895,49.39149857075696,49.71362823423187,56.640990678982,52.60525707217308,47.04706512735716,46.036324538145145
367,영등포구,문래동1가,51.09001115159895,49.39149857075696,49.71362823423187,45.42416158269311,46.58226418107408,45.65093663887886,46.036324538145145
368,영등포구,문래동4가,51.09001115159895,49.39149857075696,49.71362823423187,45.33870082245069,49.957577187498295,45.65093663887886,46.036324538145145
369,영등포구,영등포동1가,51.09001115159895,49.39149857075696,49.71362823423187,35.53165271416684,66.92240759121103,45.65093663887886,46.036324538145145
370,마포구,창전동,64.16799466985954,56.7909861191655,52.49686033350214,56.47581130486962,53.27556068782801,57.11653672400362,46.036324538145145
371,마포구,성산동,64.16799466985954,56.7909861191655,52.49686033350214,57.51793763674283,54.24545169669715,60.25515320590405,75.22833150266926
372,마포구,상암동,64.16799466985954,56.7909861191655,52.49686033350214,58.13442420116615,50.57437241837974,62.42402803696112,46.036324538145145
373,마포구,서교동,64.16799466985954,56.7909861191655,52.49686033350214,58.37577220266631,57.325488476664354,59.761321151933004,75.22833150266926
374,마포구,아현동,64.16799466985954,56.7909861191655,52.49686033350214,57.1288318288225,51.3325651959282,55.48999068973301,46.036324538145145
375,마포구,염리동,64.16799466985954,56.7909861191655,52.49686033350214,46.491572924674024,51.15142035682793,52.861601556740204,46.036324538145145
376,마포구,망원동,53.071874514883646,56.7909861191655,52.49686033350214,57.65238416851909,52.88333184353434,59.445642661542664,46.036324538145145
377,마포구,도화동,53.071874514883646,56.7909861191655,52.49686033350214,57.43790942197826,51.12993545697244,57.571875131449325,46.036324538145145
378,마포구,합정동,53.071874514883646,56.7909861191655,52.49686033350214,57.0956241251266,55.40156393779048,56.26974439638296,46.036324538145145
379,마포구,신수동,53.071874514883646,56.7909861191655,52.49686033350214,56.640990678982,53.05395225007855,55.69514880342161,46.036324538145145
380,마포구,대흥동,53.071874514883646,56.7909861191655,52.49686033350214,57.18858214239332,52.28386239747359,55.48999068973301,46.036324538145145
381,마포구,연남동,53.071874514883646,56.7909861191655,52.49686033350214,45.33870082245069,55.93807282232553,55.05579713729511,46.036324538145145
382,마포구,공덕동,53.071874514883646,56.7909861191655,52.49686033350214,47.35196307181274,52.66958106954844,55.05579713729511,46.036324538145145
383,마포구,상수동,53.071874514883646,56.7909861191655,52.49686033350214,56.41748464018256,55.807793978249165,54.58485983791671,46.036324538145145
384,마포구,노고산동,53.071874514883646,56.7909861191655,52.49686033350214,56.919633861574425,61.23092446657719,53.79241783424738,75.22833150266926
385,마포구,동교동,53.071874514883646,56.7909861191655,52.49686033350214,57.541512767888065,57.83738601325765,52.861601556740204,46.036324538145145
386,마포구,신공덕동,53.071874514883646,56.7909861191655,52.49686033350214,56.640990678982,52.97019493613797,51.28212478464065,75.22833150266926
387,마포구,용강동,53.071874514883646,56.7909861191655,52.49686033350214,46.11229483259072,47.43105032920071,51.28212478464065,46.036324538145145
388,마포구,중동,53.071874514883646,56.7909861191655,52.49686033350214,46.63007297786504,50.43064600757428,50.79422738980435,46.036324538145145
389,마포구,구수동,53.071874514883646,56.7909861191655,52.49686033350214,45.33870082245069,52.95168762699565,48.09000824504064,46.036324538145145
390,마포구,마포동,53.071874514883646,56.7909861191655,52.49686033350214,45.33870082245069,53.458728664683846,45.65093663887886,46.036324538145145
391,마포구,하중동,53.071874514883646,56.7909861191655,52.49686033350214,35.53165271416684,50.25706542958533,43.45101496777316,46.036324538145145
392,마포구,신정동,53.071874514883646,56.7909861191655,52.49686033350214,35.53165271416684,49.96739100505284,43.45101496777316,46.036324538145145
393,마포구,당인동,53.071874514883646,56.7909861191655,52.49686033350214,35.53165271416684,57.35121827299608,43.45101496777316,46.036324538145145
394,마포구,토정동,53.071874514883646,56.7909861191655,52.49686033350214,35.53165271416684,49.206087674944285,23.235414560358187,46.036324538145145
395,마포구,현석동,53.071874514883646,56.7909861191655,52.49686033350214,35.53165271416684,49.70049032751823,23.235414560358187,46.036324538145145
396,관악구,봉천동,59.9591813554854,37.87763088028839,54.79328333613476,59.64292534547788,56.49849185294483,67.58359486736204,75.22833150266926
397,관악구,신림동,59.944209506951374,37.87763088028839,54.79328333613476,59.633848823966574,56.31836499985078,68.62848810966973,46.036324538145145
398,관악구,남현동,48.821575049179735,37.87763088028839,54.79328333613476,56.522581846391304,56.70632593612815,49.63790760869819,75.22833150266926
399,중랑구,망우동,51.8300831830564,41.72313491971292,56.379493897484956,58.07932898884423,50.76878681567242,60.71398928488636,75.22833150266926
400,중랑구,면목동,51.803568880260656,41.72313491971292,56.379493897484956,59.10327337736608,51.06719650803413,64.69161843125175,75.22833150266926
401,중랑구,묵동,51.803568880260656,41.72313491971292,56.379493897484956,57.85059036104383,51.08828249576888,59.445642661542664,75.22833150266926
402,중랑구,상봉동,51.803568880260656,41.72313491971292,56.379493897484956,57.89296418277391,53.77184643948633,56.95666671741573,75.23040601289262
403,중랑구,신내동,40.70744872528476,41.72313491971292,56.379493897484956,57.95826969153173,49.141519263933326,61.14281148923592,75.22833150266926
404,중랑구,중화동,40.70744872528476,41.72313491971292,56.379493897484956,47.50089036109344,51.29614019571531,58.51725595248752,46.036324538145145
405,금천구,시흥동,53.60916080922941,27.50671512792634,52.37191563479846,59.061070267624125,49.85802035178388,65.079494655703,75.22833150266926
406,금천구,가산동,53.58264650643366,27.50671512792634,52.37191563479846,58.08212875420785,60.397993718316144,62.69339043000858,46.036324538145145
407,금천구,독산동,53.58264650643366,27.50671512792634,52.37191563479846,58.88690323393132,53.42889571833417,63.90302399797868,75.23151811646612
408,서대문구,남가좌동,57.46672471541759,35.775074535678755,60.773484435708234,47.666893269899916,49.56482319868178,57.571875131449325,46.036324538145145
409,서대문구,현저동,57.46672471541759,35.775074535678755,60.773484435708234,45.68314652159249,49.3030865225375,52.51039639558329,46.036324538145145
410,서대문구,연희동,57.46672471541759,35.775074535678755,60.773484435708234,57.853130907920715,55.60270143182068,59.86316945927658,46.036324538145145
411,서대문구,홍은동,57.46672471541759,35.775074535678755,60.773484435708234,57.38781676772189,50.70737117458711,62.75911810244445,46.036324538145145
412,서대문구,홍제동,46.3706045604417,35.775074535678755,60.773484435708234,47.955736007141596,50.25295325024999,61.14281148923592,46.036324538145145
413,서대문구,북가좌동,46.3706045604417,35.775074535678755,60.773484435708234,47.50089036109344,50.261870625726985,57.71627692981447,46.036324538145145
414,서대문구,북아현동,46.3706045604417,35.775074535678755,60.773484435708234,46.944130317700946,51.123448343959964,55.69514880342161,46.036324538145145
415,서대문구,창천동,46.3706045604417,35.775074535678755,60.773484435708234,57.75919776997814,62.59276639658,54.82534101229288,75.22833150266926
416,서대문구,충정로3가,46.3706045604417,35.775074535678755,60.773484435708234,45.42416158269311,54.99308327768412,54.33335376760151,46.036324538145145
417,서대문구,대현동,46.3706045604417,35.775074535678755,60.773484435708234,56.522581846391304,63.876513098853046,52.51039639558329,46.036324538145145
418,서대문구,대신동,46.3706045604417,35.775074535678755,60.773484435708234,46.491572924674024,61.89286728265008,52.133332494447934,46.036324538145145
419,서대문구,충정로2가,46.3706045604417,35.775074535678755,60.773484435708234,46.11229483259072,56.73293963739759,51.72587288894799,46.036324538145145
420,서대문구,영천동,46.3706045604417,35.775074535678755,60.773484435708234,46.11229483259072,49.42972517382972,50.79422738980435,46.036324538145145
421,서대문구,냉천동,46.3706045604417,35.775074535678755,60.773484435708234,45.820226411266546,49.086485081889414,50.25134468045445,46.036324538145145
422,서대문구,천연동,46.3706045604417,35.775074535678755,60.773484435708234,35.53165271416684,49.61734731387724,49.63790760869819,46.036324538145145
423,서대문구,신촌동,46.3706045604417,35.775074535678755,60.773484435708234,55.49019462987634,60.58203626042482,48.09000824504064,46.036324538145145
424,서대문구,미근동,46.3706045604417,35.775074535678755,60.773484435708234,45.33870082245069,55.99954644263741,47.04706512735716,46.036324538145145
425,서대문구,봉원동,46.3706045604417,35.775074535678755,60.773484435708234,35.53165271416684,50.12996409312129,45.65093663887886,46.036324538145145
426,서대문구,옥천동,46.3706045604417,35.775074535678755,60.773484435708234,35.53165271416684,52.3991336366376,43.45101496777316,46.036324538145145
427,서대문구,합동,46.3706045604417,35.775074535678755,60.773484435708234,35.53165271416684,54.13785820136644,23.235414560358187,46.036324538145145
428,용산구,후암동,50.167007637002044,48.13309440455748,48.08350490350768,57.32023620658222,52.17461972247401,54.069660568735735,46.036324538145145
429,용산구,원효로1가,50.1404933342063,48.13309440455748,48.08350490350768,55.71273527979282,58.59302787210311,51.72587288894799,46.036324538145145
430,용산구,서계동,50.1404933342063,48.13309440455748,48.08350490350768,56.26378864001637,52.87521291866277,50.79422738980435,46.036324538145145
431,용산구,한남동,39.044373179230405,48.13309440455748,48.08350490350768,58.10701680237561,50.794870246009,58.51725595248752,46.036324538145145
432,용산구,이촌동,39.044373179230405,48.13309440455748,48.08350490350768,56.99521102096117,48.098164697738675,57.27220967684238,46.036324538145145
433,용산구,이태원동,39.044373179230405,48.13309440455748,48.08350490350768,57.04530846217297,52.884784024673884,57.11653672400362,46.036324538145145
434,용산구,용산동2가,39.044373179230405,48.13309440455748,48.08350490350768,56.47581130486962,53.01698951932768,56.08453291094065,46.036324538145145
435,용산구,한강로3가,39.044373179230405,48.13309440455748,48.08350490350768,57.65155844460416,50.60717501004662,55.27709489402691,75.22833150266926
436,용산구,효창동,39.044373179230405,48.13309440455748,48.08350490350768,57.04530846217297,52.845816056476636,53.50001340011638,46.036324538145145
437,용산구,서빙고동,39.044373179230405,48.13309440455748,48.08350490350768,35.53165271416684,49.772134910556034,52.861601556740204,46.036324538145145
438,용산구,보광동,39.044373179230405,48.13309440455748,48.08350490350768,46.74848181045573,51.60906888236624,52.133332494447934,46.036324538145145
439,용산구,청파동2가,39.044373179230405,48.13309440455748,48.08350490350768,56.26378864001637,57.676982691523094,51.72587288894799,46.036324538145145
440,용산구,용문동,39.044373179230405,48.13309440455748,48.08350490350768,45.33870082245069,54.0720988346509,51.72587288894799,46.036324538145145
441,용산구,한강로2가,39.044373179230405,48.13309440455748,48.08350490350768,56.919633861574425,58.42884507341036,51.72587288894799,46.036324538145145
442,용산구,갈월동,39.044373179230405,48.13309440455748,48.08350490350768,56.78156678529069,52.63023173472372,51.28212478464065,46.036324538145145
443,용산구,원효로4가,39.044373179230405,48.13309440455748,48.08350490350768,55.231209690976954,52.738918293400395,50.79422738980435,46.036324538145145
444,용산구,용산동6가,39.044373179230405,48.13309440455748,48.08350490350768,35.53165271416684,13.187359459466421,50.25134468045445,46.036324538145145
445,용산구,동자동,39.044373179230405,48.13309440455748,48.08350490350768,56.21682636597024,48.89879650073968,49.63790760869819,46.036324538145145
446,용산구,동빙고동,39.044373179230405,48.13309440455748,48.08350490350768,35.53165271416684,49.17128500177877,49.63790760869819,46.036324538145145
447,용산구,문배동,39.044373179230405,48.13309440455748,48.08350490350768,55.231209690976954,53.255950177938274,49.63790760869819,46.036324538145145
448,용산구,용산동4가,39.044373179230405,48.13309440455748,48.08350490350768,45.42416158269311,72.20399222709817,48.93030629868386,46.036324538145145
449,용산구,원효로2가,39.044373179230405,48.13309440455748,48.08350490350768,46.491572924674024,55.74254069817588,48.93030629868386,46.036324538145145
450,용산구,도원동,39.044373179230405,48.13309440455748,48.08350490350768,45.820226411266546,49.729149588001725,48.93030629868386,46.036324538145145
451,용산구,신창동,39.044373179230405,48.13309440455748,48.08350490350768,45.42416158269311,52.324439690400794,48.09000824504064,46.036324538145145
452,용산구,청암동,39.044373179230405,48.13309440455748,48.08350490350768,35.53165271416684,48.759235765620275,48.09000824504064,46.036324538145145
453,용산구,원효로3가,39.044373179230405,48.13309440455748,48.08350490350768,45.820226411266546,57.52555355825241,48.09000824504064,46.036324538145145
454,용산구,한강로1가,39.044373179230405,48.13309440455748,48.08350490350768,45.33870082245069,54.92788583135496,48.09000824504064,46.036324538145145
455,용산구,남영동,39.044373179230405,48.13309440455748,48.08350490350768,46.11229483259072,47.15861266102899,47.04706512735716,46.036324538145145
456,용산구,용산동1가,39.044373179230405,48.13309440455748,48.08350490350768,35.53165271416684,13.187359459466421,47.04706512735716,46.036324538145145
457,용산구,청파동1가,39.044373179230405,48.13309440455748,48.08350490350768,45.820226411266546,54.89057451166177,47.04706512735716,46.036324538145145
458,용산구,청파동3가,39.044373179230405,48.13309440455748,48.08350490350768,56.26378864001637,59.86817278799367,47.04706512735716,46.036324538145145
459,용산구,신계동,39.044373179230405,48.13309440455748,48.08350490350768,35.53165271416684,50.17709114523974,47.04706512735716,46.036324538145145
460,용산구,용산동5가,39.044373179230405,48.13309440455748,48.08350490350768,45.42416158269311,48.55776057045274,47.04706512735716,46.036324538145145
461,용산구,산천동,39.044373179230405,48.13309440455748,48.08350490350768,35.53165271416684,49.548520984133525,45.65093663887886,46.036324538145145
462,용산구,용산동3가,39.044373179230405,48.13309440455748,48.08350490350768,35.53165271416684,57.108079580638844,43.45101496777316,46.036324538145145
463,용산구,주성동,39.044373179230405,48.13309440455748,48.08350490350768,35.53165271416684,51.074602437193825,23.235414560358187,46.036324538145145
