index,gu,dong,libraryCount,busStation,cultureCount,medicalCount,crimeRate,youthRate,jeonseDeposit,monthDeposit,monthRent,supermarket,parkRate,academyCount,id
0,강남구,일원동,3.0,40.0,3.0,58.0,12.749760035824863,18.66884476836726,66748.43956043955,25544.23163841808,93.42050040355124,0.0,6.85,493,1
1,강남구,대치동,3.0,67.0,10.0,112.0,12.749760035824863,16.330700081721602,81791.0594505945,34713.31590909091,134.24848484848485,1.0,6.85,493,2
2,강남구,자곡동,2.0,18.0,3.0,12.0,12.749760035824863,20.82830278418029,41118.80047505938,9532.152917505033,58.286384976525824,0.0,6.85,493,3
3,강남구,역삼동,2.0,73.0,11.0,192.0,12.749760035824863,27.049866012562205,46040.3903803132,12400.347236981934,106.43969181721572,1.0,6.85,493,4
4,강남구,청담동,2.0,23.0,8.0,52.0,12.749760035824863,20.20788501360185,79065.03633217994,23171.615074024223,205.63391655450877,0.0,6.85,493,5
5,강남구,논현동,1.0,44.0,7.0,140.0,12.749760035824863,29.51238931647646,39592.950710108606,8476.338756779307,98.73049645390071,0.0,6.85,493,6
6,강남구,도곡동,1.0,41.0,2.0,62.0,12.749760035824863,16.626890914215917,93331.94533527696,39874.98795180723,159.03521779425395,0.0,6.85,493,7
7,강남구,삼성동,1.0,52.0,11.0,74.0,12.749760035824863,20.29338137238846,70526.4827586207,19794.155152224823,154.38056206088993,2.0,6.85,493,8
8,강남구,개포동,1.0,80.0,4.0,68.0,12.749760035824863,17.88395723343857,65758.94740557713,28351.89155629139,132.6978476821192,0.0,6.85,493,9
9,강남구,세곡동,0.0,36.0,0.0,12.0,12.749760035824863,17.371968591480787,40738.01059602649,13581.300733496331,73.86552567237163,0.0,6.85,493,10
10,강남구,수서동,0.0,27.0,1.0,26.0,12.749760035824863,15.186862449110288,46770.6102783726,15555.204444444444,92.07777777777778,1.0,6.85,493,11
11,강남구,신사동,0.0,22.0,13.0,144.0,12.749760035824863,23.00852167469433,38860.64609053498,6337.439516129032,92.89516129032258,0.0,6.85,493,12
12,강남구,압구정동,0.0,12.0,0.0,12.0,12.749760035824863,15.079732680473764,87950.49615806805,34805.8091286307,220.1224066390041,2.0,6.85,493,13
13,강남구,율현동,0.0,10.0,1.0,0.0,12.749760035824863,17.861833464670344,35443.76616915423,7998.858407079646,56.23893805309734,0.0,6.85,493,14
14,성북구,돈암동,3.0,41.0,4.0,14.0,6.459086188504753,18.215331520602383,40078.79601406799,11986.634496919918,79.24024640657085,0.0,3.8,26,15
15,성북구,길음동,2.0,38.0,1.0,36.0,6.459086188504753,15.041777580597456,46301.50485436893,13539.98947368421,84.67081339712918,2.0,3.8,26,16
16,성북구,하월곡동,2.0,47.0,2.0,56.0,6.459086188504753,20.179625352835515,34117.844702467344,6954.328011611031,64.91727140783745,2.0,3.8,26,17
17,성북구,정릉동,2.0,122.0,4.0,48.0,6.459086188504753,21.469419156302088,25950.89207048458,4896.680183126226,56.565075212557225,0.0,3.8,26,18
18,성북구,상월곡동,1.0,14.0,3.0,0.0,6.459086188504753,23.993399339933998,25506.48255813953,4643.702380952381,53.148809523809526,0.0,3.8,26,19
19,성북구,장위동,1.0,89.0,1.0,40.0,6.459086188504753,19.935790222427283,29389.410906785037,8086.601663585952,55.2097966728281,0.0,3.8,26,20
20,성북구,종암동,1.0,54.0,2.0,36.0,6.459086188504753,20.643260886872064,31964.229226361032,7134.135348226018,68.66097240473061,0.0,3.8,26,21
21,성북구,성북동,0.0,33.0,7.0,0.0,6.459086188504753,21.82516243354991,24194.641025641027,6703.703703703704,73.70987654320987,0.0,3.8,26,22
22,성북구,석관동,0.0,27.0,1.0,30.0,6.459086188504753,20.98845812370524,27289.655421686748,6481.90031152648,52.08255451713396,0.0,3.8,26,23
23,성북구,안암동5가,0.0,21.0,1.0,22.0,6.459086188504753,66.00545499628069,11648.936170212766,1642.6153846153843,57.42153846153846,0.0,3.8,26,24
24,성북구,삼선동2가,0.0,12.0,1.0,0.0,6.459086188504753,21.69811320754717,37850.95238095238,5775.037735849057,60.84905660377358,0.0,3.8,26,25
25,성북구,안암동2가,0.0,7.0,0.0,2.0,6.459086188504753,51.64075993091537,10572.093023255817,2963.4615384615386,49.45192307692308,0.0,3.8,26,26
26,성북구,삼선동3가,0.0,7.0,0.0,0.0,6.459086188504753,21.48148148148148,32206.579710144928,6436.095238095239,53.773809523809526,0.0,3.8,26,27
27,성북구,동선동2가,0.0,6.0,0.0,0.0,6.459086188504753,54.18013856812933,14028.333333333334,2300.5813953488373,51.47093023255814,0.0,3.8,26,28
28,성북구,성북동1가,0.0,6.0,2.0,2.0,6.459086188504753,30.89519650655022,27236.84210526316,5434.4,52.17333333333333,0.0,3.8,26,29
29,성북구,삼선동1가,0.0,5.0,0.0,4.0,6.459086188504753,27.16432148819461,13291.98717948718,3691.772151898734,49.80379746835443,0.0,3.8,26,30
30,성북구,삼선동5가,0.0,5.0,0.0,2.0,6.459086188504753,34.32032301480484,17214.035087719298,4679.993548387097,55.81935483870968,0.0,3.8,26,31
31,성북구,보문동1가,0.0,4.0,0.0,0.0,6.459086188504753,23.733804475853944,41111.11111111111,10355.35,74.6,0.0,3.8,26,32
32,성북구,안암동1가,0.0,3.0,0.0,0.0,6.459086188504753,37.657011022814665,27511.53846153846,3394.161111111111,60.06111111111111,0.0,3.8,26,33
33,성북구,동소문동7가,0.0,3.0,0.0,2.0,6.459086188504753,23.359240069084628,42262.06896551724,9700.0,74.65573770491804,0.0,3.8,26,34
34,성북구,삼선동4가,0.0,3.0,0.0,4.0,6.459086188504753,32.29334191058218,26390.625,8123.076923076923,55.10576923076923,0.0,3.8,26,35
35,성북구,동소문동2가,0.0,3.0,1.0,10.0,6.459086188504753,20.907297830374755,15333.333333333334,2431.25,57.375,0.0,3.8,26,36
36,성북구,보문동7가,0.0,2.0,0.0,2.0,6.459086188504753,29.931305201177626,24800.0,6228.421052631579,54.71052631578947,0.0,3.8,26,37
37,성북구,동소문동6가,0.0,2.0,0.0,10.0,6.459086188504753,46.92556634304207,18295.666666666668,6679.605263157895,54.09868421052632,0.0,3.8,26,38
38,성북구,동선동1가,0.0,2.0,1.0,14.0,6.459086188504753,49.45515507124895,12811.53846153846,3587.2549019607845,46.8235294117647,0.0,3.8,26,39
39,성북구,동선동4가,0.0,2.0,0.0,8.0,6.459086188504753,43.4191355026712,18714.0,2892.5233644859813,53.05607476635514,0.0,3.8,26,40
40,성북구,동소문동1가,0.0,2.0,1.0,6.0,6.459086188504753,35.35791757049891,17402.777777777777,4384.882352941177,49.5,0.0,3.8,26,41
41,성북구,동소문동3가,0.0,2.0,0.0,6.0,6.459086188504753,25.0,13000.0,1500.0,67.5,0.0,3.8,26,42
42,성북구,동소문동4가,0.0,2.0,0.0,6.0,6.459086188504753,29.495686794956868,26490.079365079364,5531.428571428572,49.32857142857143,0.0,3.8,26,43
43,성북구,동소문동5가,0.0,2.0,0.0,2.0,6.459086188504753,26.601423487544483,41464.28571428572,8061.458333333333,71.25,0.0,3.8,26,44
44,성북구,보문동4가,0.0,1.0,0.0,2.0,6.459086188504753,25.21276595744681,22223.07692307692,4839.285714285715,61.5,0.0,3.8,26,45
45,성북구,보문동5가,0.0,1.0,0.0,6.0,6.459086188504753,29.026845637583893,12991.07142857143,2734.7195121951218,49.18292682926829,0.0,3.8,26,46
46,성북구,보문동2가,0.0,1.0,0.0,2.0,6.459086188504753,38.62959285004965,17833.3,4326.153846153846,61.61538461538461,0.0,3.8,26,47
47,성북구,보문동3가,0.0,1.0,0.0,0.0,6.459086188504753,19.726027397260275,48134.14634146341,13693.333333333334,83.0,0.0,3.8,26,48
48,성북구,안암동4가,0.0,1.0,0.0,0.0,6.459086188504753,38.91675025075226,13636.363636363636,3488.5714285714284,43.68571428571428,0.0,3.8,26,49
49,성북구,동선동5가,0.0,1.0,0.0,0.0,6.459086188504753,34.01459854014598,20483.783783783783,3882.875,55.0,0.0,3.8,26,50
50,성북구,동선동3가,0.0,0.0,2.0,0.0,6.459086188504753,42.83222881060342,16272.982456140351,2222.078651685393,53.09550561797753,0.0,3.8,26,51
51,성북구,안암동3가,0.0,0.0,0.0,0.0,6.459086188504753,30.016357688113416,16222.101449275362,2513.18085106383,56.1063829787234,0.0,3.8,26,52
52,성북구,보문동6가,0.0,0.0,0.0,0.0,6.459086188504753,22.530864197530864,41311.31868131869,8454.11855670103,58.329896907216494,0.0,3.8,26,53
53,구로구,구로동,5.0,150.0,11.0,168.0,9.829130617601711,24.48933053842848,25229.80636515913,4468.814622124864,52.92579408543264,2.0,3.96,45,54
54,구로구,개봉동,2.0,84.0,3.0,56.0,9.829130617601711,18.59336713651471,26813.84881355932,6433.166191155492,54.24251069900143,0.0,3.96,45,55
55,구로구,고척동,2.0,68.0,3.0,42.0,9.829130617601711,20.67947956387606,24978.21627906977,8331.438972162741,47.38115631691649,1.0,3.96,45,56
56,구로구,신도림동,1.0,33.0,4.0,26.0,9.829130617601711,19.33162953497417,44841.578277886496,16095.944029850749,85.83333333333333,1.0,3.96,45,57
57,구로구,궁동,1.0,26.0,1.0,4.0,9.829130617601711,19.064670915992263,16624.661016949154,4497.536170212766,39.208510638297874,0.0,3.96,45,58
58,구로구,항동,1.0,20.0,1.0,2.0,9.829130617601711,15.720844811753905,38755.19047619047,7800.95421686747,29.843373493975903,0.0,3.96,45,59
59,구로구,오류동,0.0,51.0,3.0,32.0,9.829130617601711,24.274442538593483,21126.42002301496,4404.97610619469,44.13008849557522,0.0,3.96,45,60
60,구로구,천왕동,0.0,22.0,0.0,4.0,9.829130617601711,16.727295147666318,21984.765696784078,6106.034394904458,19.907006369426757,0.0,3.96,45,61
61,구로구,온수동,0.0,11.0,0.0,4.0,9.829130617601711,17.585931254996005,23672.462686567163,5402.836879432624,57.56028368794326,0.0,3.96,45,62
62,구로구,가리봉동,0.0,8.0,0.0,10.0,9.829130617601711,29.20374172940908,13391.073469387757,2645.434456928839,43.5374531835206,0.0,3.96,45,63
63,송파구,잠실동,3.0,44.0,15.0,108.0,7.898606775650217,18.90447183264863,66254.22910884983,23522.18504572351,117.8975255513717,1.0,6.58,100,64
64,송파구,장지동,2.0,53.0,2.0,16.0,7.898606775650217,15.751110699740837,50658.65625,16105.50164654226,70.07464324917673,0.0,6.58,100,65
65,송파구,거여동,1.0,27.0,2.0,32.0,7.898606775650217,18.078098600907417,38728.54161712247,9809.906081601232,52.39491916859122,0.0,6.58,100,66
66,송파구,석촌동,1.0,19.0,1.0,52.0,7.898606775650217,29.21406747708509,26145.954467353957,8107.911975435005,52.54657113613101,0.0,6.58,100,67
67,송파구,오금동,1.0,36.0,1.0,26.0,7.898606775650217,19.49857001576992,40508.75262054507,12967.003115264795,64.16822429906541,0.0,6.58,100,68
68,송파구,마천동,1.0,25.0,1.0,38.0,7.898606775650217,17.370522409042344,20948.67102396514,5487.437185929648,38.6821608040201,0.0,6.58,100,69
69,송파구,방이동,1.0,43.0,5.0,62.0,7.898606775650217,25.348208248816768,38428.74980544747,9926.215616045843,76.77829512893983,0.0,6.58,100,70
70,송파구,문정동,0.0,62.0,2.0,70.0,7.898606775650217,27.163488936288,36190.62188168211,8491.221008673305,76.65531641503372,2.0,6.58,100,71
71,송파구,가락동,0.0,54.0,1.0,94.0,7.898606775650217,20.341974101542935,57711.81108312342,18952.655235204857,79.93596358118361,0.0,6.58,100,72
72,송파구,풍납동,0.0,29.0,2.0,66.0,7.898606775650217,20.57414919990985,39122.11847389559,10867.313915857603,56.86299892125135,0.0,6.58,100,73
73,송파구,송파동,0.0,28.0,6.0,46.0,7.898606775650217,26.194111752636356,34430.46717877095,10161.571584104518,56.88241698421339,0.0,6.58,100,74
74,송파구,신천동,0.0,20.0,3.0,68.0,7.898606775650217,14.41071191833488,78846.44838976052,36862.124633431085,156.5601173020528,2.0,6.58,100,75
75,송파구,삼전동,0.0,14.0,1.0,30.0,7.898606775650217,28.84608770421324,23877.887021475257,8535.406779661016,49.72681954137588,0.0,6.58,100,76
76,양천구,신정동,4.0,165.0,7.0,118.0,7.267881879145376,17.86756414280566,38610.82720891825,10592.739042675894,55.174740484429066,0.0,4.97,34,77
77,양천구,목동,3.0,109.0,7.0,148.0,7.267881879145376,18.878322293378776,44364.39578352533,17888.265950302215,79.11182001343184,3.0,4.97,34,78
78,양천구,신월동,3.0,82.0,5.0,102.0,7.267881879145376,18.40399128805146,24091.91963048499,5118.048341765037,54.5300730747611,1.0,4.97,34,79
79,도봉구,쌍문동,3.0,95.0,6.0,62.0,6.975122822106677,19.685481221942407,21367.66390728477,4211.636687444346,51.258236865538734,0.0,3.57,18,80
80,도봉구,도봉동,2.0,83.0,4.0,30.0,6.975122822106677,16.710840756028677,22095.324873096448,3369.195707070707,55.33838383838384,0.0,3.57,18,81
81,도봉구,창동,2.0,119.0,7.0,80.0,6.975122822106677,19.788346958570045,24110.082371794877,4588.722736625515,59.63065843621399,1.0,3.57,18,82
82,도봉구,방학동,2.0,85.0,8.0,54.0,6.975122822106677,17.319223011245892,21595.009756097563,3740.762025316456,51.321518987341776,1.0,3.57,18,83
83,서초구,서초동,3.0,166.0,21.0,212.0,10.937929275089289,21.95117358515436,63883.670848267626,19970.19906566312,122.62003633532312,1.0,5.42,278,84
84,서초구,방배동,2.0,156.0,3.0,90.0,10.937929275089289,19.29661312664559,53721.64334655608,16989.518150684933,90.62534246575342,0.0,5.42,278,85
85,서초구,신원동,1.0,22.0,1.0,2.0,10.937929275089289,16.90176322418136,46603.07238605898,13172.602040816326,79.50340136054422,0.0,5.42,278,86
86,서초구,반포동,1.0,80.0,9.0,78.0,10.937929275089289,16.76031444549963,103086.2593486128,40517.76108374384,201.68103448275863,1.0,5.42,278,87
87,서초구,양재동,1.0,70.0,6.0,48.0,10.937929275089289,24.97754070746772,32631.303341902312,8377.235331230284,62.96971608832808,2.0,5.42,278,88
88,서초구,잠원동,1.0,37.0,3.0,48.0,10.937929275089289,17.240629448046814,76829.46405980448,28929.53561643836,141.71917808219175,0.0,5.42,278,89
89,서초구,우면동,0.0,39.0,2.0,10.0,10.937929275089289,15.818467038780051,40625.449343339584,15554.157199471598,65.32892998678996,0.0,5.42,278,90
90,서초구,내곡동,0.0,28.0,2.0,8.0,10.937929275089289,14.846209736013565,43423.91542288557,14267.881720430109,64.74551971326164,0.0,5.42,278,91
91,서초구,염곡동,0.0,11.0,1.0,0.0,10.937929275089289,16.33266533066132,31222.222222222223,14700.0,99.82352941176472,0.0,5.42,278,92
92,서초구,원지동,0.0,5.0,0.0,0.0,10.937929275089289,10.276679841897234,0.0,6000.0,77.5,0.0,5.42,278,93
93,동대문구,용두동,2.0,27.0,3.0,34.0,9.535422938364174,27.21620999309233,34456.095659875995,5987.079397672826,77.67419575633129,1.0,2.97,59,94
94,동대문구,휘경동,2.0,31.0,1.0,36.0,9.535422938364174,33.07899461400359,26838.246260069045,5339.536720044174,51.34842628382109,0.0,2.97,59,95
95,동대문구,답십리동,1.0,42.0,3.0,54.0,9.535422938364174,21.06546715803165,37030.814234016885,7035.660182370821,66.70395136778116,0.0,2.97,59,96
96,동대문구,청량리동,1.0,22.0,3.0,44.0,9.535422938364174,18.119731085263048,24416.11923076923,3711.7054009819967,67.9721767594108,0.0,2.97,59,97
97,동대문구,전농동,1.0,47.0,3.0,56.0,9.535422938364174,20.51880674448768,35381.7075596817,7771.190436241611,70.26090604026845,2.0,2.97,59,98
98,동대문구,신설동,1.0,10.0,2.0,8.0,9.535422938364174,41.10747408619749,20091.424778761066,3243.639575971732,67.58303886925795,0.0,2.97,59,99
99,동대문구,장안동,1.0,61.0,2.0,96.0,9.535422938364174,20.158965723907645,29418.14522546419,7038.2574061882815,66.63923633969716,0.0,2.97,59,100
100,동대문구,이문동,0.0,38.0,2.0,38.0,9.535422938364174,27.43246152190292,26408.526737967917,3055.5684713375795,54.26035031847134,0.0,2.97,59,101
101,동대문구,제기동,0.0,28.0,5.0,128.0,9.535422938364174,26.12322933866342,23992.88292682927,3522.263076923077,57.52,0.0,2.97,59,102
102,동대문구,회기동,0.0,10.0,1.0,32.0,9.535422938364174,42.37059842216663,22100.97265625,2803.0489864864867,60.7804054054054,0.0,2.97,59,103
103,노원구,중계동,3.0,75.0,8.0,80.0,7.819948495924434,16.116066567007554,34576.3077212806,8824.381355932202,69.91101694915254,2.0,3.73,52,104
104,노원구,상계동,2.0,179.0,8.0,212.0,7.819948495924434,19.64544248817973,23986.54696334124,5023.8598220726135,55.08199086318827,1.0,3.73,52,105
105,노원구,월계동,2.0,107.0,2.0,52.0,7.819948495924434,19.20813269127876,27265.980392156864,5465.070660522273,61.105222734254994,2.0,3.73,52,106
106,노원구,하계동,1.0,54.0,1.0,34.0,7.819948495924434,20.85142255005269,31008.47493163172,6356.692212608158,64.21013597033375,0.0,3.73,52,107
107,노원구,공릉동,1.0,107.0,8.0,80.0,7.819948495924434,24.429954809554552,26678.92322964924,4392.082581227437,48.65703971119134,0.0,3.73,52,108
108,강서구,화곡동,4.0,186.0,2.0,176.0,8.28156246780971,25.080607696942657,22699.453738701726,5857.735963581184,53.60175349856685,0.0,6.14,47,109
109,강서구,등촌동,2.0,74.0,3.0,82.0,8.28156246780971,25.696489394905758,28748.40787054064,6814.692972972973,61.45081081081081,1.0,6.14,47,110
110,강서구,가양동,1.0,39.0,1.0,34.0,8.28156246780971,21.14881902514632,29600.14164785553,7413.490230905862,59.03730017761989,1.0,6.14,47,111
111,강서구,방화동,1.0,70.0,2.0,52.0,8.28156246780971,19.72922380392669,26113.10505836576,5059.53724340176,53.04046920821114,2.0,6.14,47,112
112,강서구,염창동,1.0,32.0,1.0,30.0,8.28156246780971,21.98861571999516,38225.39237826394,12996.606790799562,61.64184008762322,0.0,6.14,47,113
113,강서구,마곡동,0.0,74.0,5.0,90.0,8.28156246780971,27.62826682460946,30343.980565875965,4917.680502457673,62.37383943200437,0.0,6.14,47,114
114,강서구,공항동,0.0,46.0,0.0,16.0,8.28156246780971,25.331710991366823,17727.121756487028,2705.393586005831,49.3134110787172,0.0,6.14,47,115
115,강서구,내발산동,0.0,45.0,1.0,48.0,8.28156246780971,17.768863590525065,34242.263808139534,8756.045192307693,55.472115384615385,0.0,6.14,47,116
116,강서구,외발산동,0.0,23.0,0.0,0.0,8.28156246780971,24.526315789473685,15551.875,5473.684210526316,55.10526315789474,0.0,6.14,47,117
117,강서구,개화동,0.0,9.0,0.0,0.0,8.28156246780971,15.160703456640388,25957.14285714286,3610.0,42.5,0.0,6.14,47,118
118,강서구,과해동,0.0,2.0,0.0,0.0,8.28156246780971,0.0,0.0,0.0,0.0,0.0,6.14,47,119
119,강서구,오곡동,0.0,2.0,0.0,0.0,8.28156246780971,0.0,0.0,0.0,0.0,0.0,6.14,47,120
120,강서구,오쇠동,0.0,2.0,0.0,0.0,8.28156246780971,60.0,0.0,0.0,0.0,0.0,6.14,47,121
121,강동구,천호동,2.0,36.0,4.0,118.0,8.082026800706497,24.507434177170413,27361.050498110613,7141.127426424546,54.91358797745773,3.0,4.58,43,122
122,강동구,강일동,1.0,42.0,0.0,30.0,8.082026800706497,15.924220651632012,27352.396794560467,5947.100197433366,27.37166831194472,0.0,4.58,43,123
123,강동구,둔촌동,1.0,35.0,0.0,34.0,8.082026800706497,20.686681177871783,36181.68061366806,10757.263056092845,55.50676982591876,0.0,4.58,43,124
124,강동구,성내동,1.0,57.0,3.0,84.0,8.082026800706497,24.10573523334303,27260.14083741164,7859.754716981132,49.886792452830186,0.0,4.58,43,125
125,강동구,암사동,1.0,29.0,3.0,48.0,8.082026800706497,19.07259597111365,37152.456910569104,11134.870476190476,60.58412698412698,0.0,4.58,43,126
126,강동구,명일동,1.0,35.0,0.0,76.0,8.082026800706497,17.840431063005152,41162.15605095541,13296.7401725791,70.48130393096837,1.0,4.58,43,127
127,강동구,길동,1.0,37.0,2.0,74.0,8.082026800706497,23.041969781757132,26030.522287636668,6355.049465240641,53.68248663101604,0.0,4.58,43,128
128,강동구,고덕동,1.0,40.0,2.0,24.0,8.082026800706497,13.865007057615808,53484.875,19772.710729613733,88.4077253218884,0.0,4.58,43,129
129,강동구,상일동,0.0,50.0,1.0,22.0,8.082026800706497,15.493702622764577,46260.74659753726,14071.334656084657,58.34126984126984,0.0,4.58,43,130
130,동작구,노량진동,2.0,39.0,5.0,38.0,7.220759882672552,31.52935184006112,28728.603021978022,3339.548710601719,52.2714899713467,0.0,5.94,122,131
131,동작구,상도1동,1.0,15.0,1.0,14.0,7.220759882672552,46.609905513446165,18217.241379310344,3197.831683168317,53.7710396039604,0.0,5.94,122,132
132,동작구,흑석동,1.0,47.0,4.0,48.0,7.220759882672552,21.948533093020927,60279.53085376162,15459.924904942964,82.86026615969581,0.0,5.94,122,133
133,동작구,대방동,1.0,51.0,2.0,34.0,7.220759882672552,25.228688478590268,32411.65402843602,7901.707386363636,55.55113636363637,0.0,5.94,122,134
134,동작구,사당동,1.0,81.0,6.0,88.0,7.220759882672552,25.659199867746736,34100.064605021435,8246.209706257981,55.27586206896552,1.0,5.94,122,135
135,동작구,신대방동,1.0,42.0,1.0,46.0,7.220759882672552,23.881288614298324,32622.127272727277,6665.059333333334,53.114,0.0,5.94,122,136
136,동작구,상도동,1.0,126.0,5.0,94.0,7.220759882672552,24.892235691538964,36402.788727752144,7971.148364485981,57.97751168224299,0.0,5.94,122,137
137,동작구,본동,0.0,22.0,0.0,4.0,7.220759882672552,20.64653575398296,44209.15167095116,16431.87659574468,73.88085106382978,0.0,5.94,122,138
138,동작구,동작동,0.0,13.0,1.0,0.0,7.220759882672552,17.756167837205115,70547.15909090909,35074.02597402597,112.012987012987,0.0,5.94,122,139
139,은평구,진관동,3.0,68.0,7.0,50.0,7.470488677507123,18.12180500901033,35912.85455680399,6392.653072321914,55.284937466014135,1.0,4.71,35,140
140,은평구,구산동,1.0,16.0,1.0,16.0,7.470488677507123,20.26515753664197,21478.587962962964,4646.861990950226,47.85972850678733,0.0,4.71,35,141
141,은평구,신사동,1.0,38.0,1.0,30.0,7.470488677507123,21.0522838391402,22812.899249732047,5463.148629148629,50.54256854256855,0.0,4.71,35,142
142,은평구,불광동,1.0,60.0,2.0,52.0,7.470488677507123,21.1586705517553,22725.781731279872,5127.296021577883,51.88334457181389,0.0,4.71,35,143
143,은평구,응암동,1.0,73.0,4.0,94.0,7.470488677507123,19.539582484480984,33348.33430941923,7160.046208530805,57.71149289099526,1.0,4.71,35,144
144,은평구,증산동,1.0,13.0,1.0,18.0,7.470488677507123,20.61014349874028,30106.75244299674,6611.235294117647,64.6470588235294,0.0,4.71,35,145
145,은평구,갈현동,0.0,37.0,0.0,46.0,7.470488677507123,21.91159983779787,18622.55477855478,4503.465346534654,49.96888260254597,0.0,4.71,35,146
146,은평구,역촌동,0.0,37.0,2.0,34.0,7.470488677507123,20.918180988037623,19021.26560726447,4354.169791666666,49.05,0.0,4.71,35,147
147,은평구,녹번동,0.0,22.0,5.0,24.0,7.470488677507123,20.891141203511395,30637.30135658915,7417.710779082177,53.88153681963714,0.0,4.71,35,148
148,은평구,대조동,0.0,22.0,0.0,48.0,7.470488677507123,29.690525777339328,18757.095104895103,4668.875373878365,46.08973080757727,0.0,4.71,35,149
149,은평구,수색동,0.0,17.0,1.0,12.0,7.470488677507123,21.344356929700112,44097.184956843405,11097.270134228189,68.83221476510067,1.0,4.71,35,150
150,중구,신당동,5.0,44.0,6.0,72.0,25.314890530203115,21.47909777112097,38417.36558441559,8297.283028720627,81.91436031331592,0.0,10.63,45,151
151,중구,만리동2가,2.0,2.0,1.0,4.0,25.314890530203115,16.476382359525406,67010.78037383177,26972.44094488189,113.3464566929134,0.0,10.63,45,152
152,중구,묵정동,1.0,1.0,0.0,2.0,25.314890530203115,36.741573033707866,20814.42307692308,2722.5,66.975,0.0,10.63,45,153
153,중구,남대문로5가,0.0,10.0,2.0,8.0,25.314890530203115,8.357348703170029,117812.5,25000.0,570.0,0.0,10.63,45,154
154,중구,태평로2가,0.0,9.0,1.0,6.0,25.314890530203115,24.489795918367346,0.0,0.0,0.0,0.0,10.63,45,155
155,중구,중림동,0.0,8.0,0.0,8.0,25.314890530203115,21.67479930741382,30115.93650793651,7181.128787878788,75.37878787878788,0.0,10.63,45,156
156,중구,장충동2가,0.0,7.0,4.0,0.0,25.314890530203115,37.70606804629955,13101.764705882351,2146.3133640553,52.32258064516129,0.0,10.63,45,157
157,중구,봉래동2가,0.0,6.0,0.0,0.0,25.314890530203115,0.0,0.0,0.0,0.0,1.0,10.63,45,158
158,중구,태평로1가,0.0,6.0,4.0,2.0,25.314890530203115,0.0,0.0,0.0,0.0,0.0,10.63,45,159
159,중구,남대문로3가,0.0,6.0,1.0,6.0,25.314890530203115,0.0,0.0,0.0,0.0,0.0,10.63,45,160
160,중구,황학동,0.0,6.0,1.0,12.0,25.314890530203115,30.43238560289832,34434.41308089501,8685.98798076923,86.21634615384616,1.0,10.63,45,161
161,중구,남창동,0.0,5.0,0.0,12.0,25.314890530203115,12.80193236714976,22500.0,1673.3333333333333,39.0,0.0,10.63,45,162
162,중구,남대문로2가,0.0,5.0,0.0,2.0,25.314890530203115,0.0,0.0,0.0,0.0,0.0,10.63,45,163
163,중구,을지로6가,0.0,5.0,1.0,12.0,25.314890530203115,49.358974358974365,25608.33333333333,18366.666666666668,27.666666666666668,0.0,10.63,45,164
164,중구,을지로7가,0.0,5.0,2.0,0.0,25.314890530203115,22.448979591836736,0.0,1500.0,50.0,0.0,10.63,45,165
165,중구,의주로1가,0.0,5.0,0.0,0.0,25.314890530203115,23.18181818181818,36985.0,8600.0,149.46153846153845,0.0,10.63,45,166
166,중구,봉래동1가,0.0,4.0,0.0,0.0,25.314890530203115,6.666666666666667,0.0,0.0,0.0,0.0,10.63,45,167
167,중구,광희동2가,0.0,4.0,0.0,2.0,25.314890530203115,28.28162291169451,20500.0,2202.5641025641025,61.69230769230769,0.0,10.63,45,168
168,중구,장충동1가,0.0,4.0,1.0,2.0,25.314890530203115,27.87558685446009,31112.12121212121,4455.451612903225,59.18279569892473,0.0,10.63,45,169
169,중구,을지로2가,0.0,3.0,0.0,8.0,25.314890530203115,28.846153846153843,0.0,0.0,0.0,0.0,10.63,45,170
170,중구,쌍림동,0.0,3.0,0.0,2.0,25.314890530203115,29.20962199312715,18593.33333333333,2430.2631578947367,60.5,0.0,10.63,45,171
171,중구,을지로4가,0.0,3.0,0.0,6.0,25.314890530203115,35.0,24486.21052631579,1500.0,99.5,0.0,10.63,45,172
172,중구,을지로5가,0.0,3.0,0.0,0.0,25.314890530203115,37.55980861244019,30593.75,6132.35294117647,94.79411764705884,0.0,10.63,45,173
173,중구,방산동,0.0,3.0,0.0,0.0,25.314890530203115,4.761904761904762,0.0,0.0,0.0,0.0,10.63,45,174
174,중구,서소문동,0.0,3.0,1.0,10.0,25.314890530203115,14.285714285714285,0.0,0.0,0.0,0.0,10.63,45,175
175,중구,정동,0.0,3.0,12.0,0.0,25.314890530203115,25.616698292220114,29916.666666666668,9708.97435897436,110.92307692307692,0.0,10.63,45,176
176,중구,만리동1가,0.0,3.0,2.0,0.0,25.314890530203115,19.924242424242426,50976.57407407407,17250.0,101.20833333333331,0.0,10.63,45,177
177,중구,회현동1가,0.0,3.0,3.0,4.0,25.314890530203115,18.15633758953597,49069.81132075472,7338.260869565217,123.91304347826087,0.0,10.63,45,178
178,중구,필동1가,0.0,3.0,0.0,4.0,25.314890530203115,34.30232558139535,28666.666666666668,6325.0,118.75,0.0,10.63,45,179
179,중구,을지로1가,0.0,2.0,0.0,2.0,25.314890530203115,0.0,0.0,0.0,0.0,0.0,10.63,45,180
180,중구,남대문로1가,0.0,2.0,0.0,0.0,25.314890530203115,0.0,0.0,0.0,0.0,0.0,10.63,45,181
181,중구,소공동,0.0,2.0,1.0,4.0,25.314890530203115,0.0,0.0,0.0,0.0,1.0,10.63,45,182
182,중구,주교동,0.0,2.0,0.0,0.0,25.314890530203115,12.741312741312742,0.0,3000.0,40.0,0.0,10.63,45,183
183,중구,을지로3가,0.0,2.0,1.0,2.0,25.314890530203115,15.454545454545451,0.0,0.0,0.0,0.0,10.63,45,184
184,중구,흥인동,0.0,2.0,1.0,6.0,25.314890530203115,38.74669020300088,44986.458333333336,4325.925925925926,109.13888888888889,0.0,10.63,45,185
185,중구,순화동,0.0,2.0,0.0,0.0,25.314890530203115,18.65242399342646,58981.05263157895,9375.348837209302,245.2093023255814,0.0,10.63,45,186
186,중구,회현동2가,0.0,2.0,1.0,0.0,25.314890530203115,17.83132530120482,76333.33333333333,26383.91304347826,167.69565217391303,0.0,10.63,45,187
187,중구,충무로1가,0.0,2.0,1.0,6.0,25.314890530203115,12.5,0.0,0.0,0.0,1.0,10.63,45,188
188,중구,저동1가,0.0,2.0,1.0,0.0,25.314890530203115,7.142857142857142,0.0,0.0,0.0,0.0,10.63,45,189
189,중구,충무로4가,0.0,2.0,0.0,4.0,25.314890530203115,20.17879948914432,60431.81818181818,15941.176470588236,173.8235294117647,0.0,10.63,45,190
190,중구,예장동,0.0,2.0,3.0,0.0,25.314890530203115,21.97943444730077,25603.33333333333,2192.3076923076924,68.23076923076923,0.0,10.63,45,191
191,중구,삼각동,0.0,1.0,0.0,0.0,25.314890530203115,0.0,0.0,0.0,0.0,0.0,10.63,45,192
192,중구,수표동,0.0,1.0,0.0,2.0,25.314890530203115,0.0,0.0,0.0,0.0,0.0,10.63,45,193
193,중구,광희동1가,0.0,1.0,0.0,2.0,25.314890530203115,36.81159420289856,17000.0,7122.210526315789,52.67368421052632,0.0,10.63,45,194
194,중구,입정동,0.0,1.0,0.0,0.0,25.314890530203115,35.774647887323944,50970.73170731707,11634.782608695652,177.3913043478261,0.0,10.63,45,195
195,중구,초동,0.0,1.0,1.0,2.0,25.314890530203115,14.473684210526317,0.0,0.0,0.0,0.0,10.63,45,196
196,중구,무학동,0.0,1.0,0.0,4.0,25.314890530203115,34.72222222222222,26800.0,1257.142857142857,74.28571428571429,0.0,10.63,45,197
197,중구,충정로1가,0.0,1.0,0.0,0.0,25.314890530203115,0.0,0.0,0.0,0.0,0.0,10.63,45,198
198,중구,충무로2가,0.0,1.0,0.0,8.0,25.314890530203115,62.890625,21940.39285714286,3290.909090909091,72.86363636363636,0.0,10.63,45,199
199,중구,남산동1가,0.0,1.0,1.0,2.0,25.314890530203115,13.333333333333334,14000.0,8140.0,60.6,0.0,10.63,45,200
200,중구,충무로5가,0.0,1.0,0.0,2.0,25.314890530203115,51.85185185185185,22353.846153846152,2648.1481481481483,78.4074074074074,0.0,10.63,45,201
201,중구,예관동,0.0,1.0,0.0,0.0,25.314890530203115,9.523809523809524,0.0,0.0,0.0,0.0,10.63,45,202
202,중구,필동2가,0.0,1.0,6.0,2.0,25.314890530203115,25.206124852767964,22576.92307692308,3205.2,63.32,0.0,10.63,45,203
203,중구,무교동,0.0,0.0,0.0,6.0,25.314890530203115,0.0,0.0,0.0,0.0,0.0,10.63,45,204
204,중구,다동,0.0,0.0,2.0,2.0,25.314890530203115,26.5625,0.0,0.0,0.0,0.0,10.63,45,205
205,중구,장교동,0.0,0.0,0.0,2.0,25.314890530203115,0.0,0.0,0.0,0.0,0.0,10.63,45,206
206,중구,북창동,0.0,0.0,0.0,2.0,25.314890530203115,14.18918918918919,6000.0,0.0,0.0,0.0,10.63,45,207
207,중구,남대문로4가,0.0,0.0,0.0,2.0,25.314890530203115,0.0,0.0,0.0,0.0,0.0,10.63,45,208
208,중구,회현동3가,0.0,0.0,0.0,0.0,25.314890530203115,26.47058823529412,9500.0,1000.0,40.0,0.0,10.63,45,209
209,중구,명동1가,0.0,0.0,1.0,6.0,25.314890530203115,18.181818181818183,0.0,0.0,0.0,0.0,10.63,45,210
210,중구,명동2가,0.0,0.0,4.0,6.0,25.314890530203115,2.294455066921606,0.0,0.0,0.0,0.0,10.63,45,211
211,중구,남산동2가,0.0,0.0,1.0,0.0,25.314890530203115,21.41414141414141,17750.0,2853.125,86.875,0.0,10.63,45,212
212,중구,남산동3가,0.0,0.0,0.0,0.0,25.314890530203115,22.0,0.0,0.0,0.0,0.0,10.63,45,213
213,중구,인현동2가,0.0,0.0,0.0,2.0,25.314890530203115,37.82287822878229,28806.86274509804,6271.710526315789,110.5657894736842,0.0,10.63,45,214
214,중구,필동3가,0.0,0.0,1.0,2.0,25.314890530203115,34.696016771488466,21754.545454545456,2493.181818181818,62.5,0.0,10.63,45,215
215,중구,남학동,0.0,0.0,0.0,0.0,25.314890530203115,4.651162790697675,0.0,0.0,0.0,0.0,10.63,45,216
216,중구,주자동,0.0,0.0,0.0,0.0,25.314890530203115,5.88235294117647,0.0,0.0,0.0,0.0,10.63,45,217
217,중구,오장동,0.0,0.0,0.0,2.0,25.314890530203115,60.618846694796055,22984.48275862069,4088.095238095238,71.19047619047619,0.0,10.63,45,218
218,중구,산림동,0.0,0.0,0.0,0.0,25.314890530203115,5.0,29000.0,0.0,0.0,0.0,10.63,45,219
219,중구,충무로3가,0.0,0.0,0.0,0.0,25.314890530203115,43.30708661417323,22050.0,3318.181818181818,81.97727272727273,0.0,10.63,45,220
220,중구,인현동1가,0.0,0.0,1.0,0.0,25.314890530203115,11.39240506329114,0.0,0.0,0.0,0.0,10.63,45,221
221,중구,저동2가,0.0,0.0,0.0,8.0,25.314890530203115,44.48818897637795,19590.714285714286,4312.903225806452,70.0,0.0,10.63,45,222
222,중구,의주로2가,0.0,0.0,1.0,0.0,25.314890530203115,0.0,0.0,0.0,0.0,0.0,10.63,45,223
223,종로구,동숭동,2.0,2.0,16.0,4.0,22.50801552177998,29.649074329925394,16694.20731707317,4606.896551724138,57.02068965517241,0.0,19.85,142,224
224,종로구,사직동,2.0,10.0,5.0,2.0,22.50801552177998,17.370744010088274,68774.26530612246,24800.657534246577,152.986301369863,0.0,19.85,142,225
225,종로구,화동,1.0,1.0,3.0,0.0,22.50801552177998,16.25615763546798,23000.0,2000.0,50.0,0.0,19.85,142,226
226,종로구,숭인동,1.0,17.0,2.0,12.0,22.50801552177998,30.487726719220664,24341.29139072848,4642.996575342466,58.17579908675799,0.0,19.85,142,227
227,종로구,명륜3가,1.0,12.0,1.0,2.0,22.50801552177998,40.768062486439575,13233.333333333334,1438.968481375358,52.893982808022926,0.0,19.85,142,228
228,종로구,청운동,1.0,7.0,2.0,0.0,22.50801552177998,18.086500655307997,45175.0,14705.882352941177,147.8235294117647,0.0,19.85,142,229
229,종로구,평창동,0.0,36.0,8.0,6.0,22.50801552177998,17.649083555632046,41588.1679389313,13302.0202020202,99.68686868686868,0.0,19.85,142,230
230,종로구,홍지동,0.0,18.0,2.0,0.0,22.50801552177998,20.65217391304348,19235.714285714286,6456.521739130435,47.30434782608695,0.0,19.85,142,231
231,종로구,구기동,0.0,16.0,1.0,4.0,22.50801552177998,17.15227193895248,43905.57142857143,9638.0,97.34,0.0,19.85,142,232
232,종로구,창신동,0.0,15.0,3.0,30.0,22.50801552177998,20.06965607313888,26049.819628647216,4829.198847262248,55.44956772334294,0.0,19.85,142,233
233,종로구,연건동,0.0,13.0,3.0,18.0,22.50801552177998,46.278924327704814,16281.25,3171.9101123595506,55.741573033707866,0.0,19.85,142,234
234,종로구,혜화동,0.0,11.0,8.0,8.0,22.50801552177998,29.666876178504086,27356.81818181818,5544.520547945205,61.07534246575342,0.0,19.85,142,235
235,종로구,부암동,0.0,9.0,7.0,0.0,22.50801552177998,19.720725134737872,29791.666666666668,12670.833333333334,72.25757575757575,0.0,19.85,142,236
236,종로구,세종로,0.0,9.0,0.0,0.0,22.50801552177998,0.0,0.0,0.0,0.0,0.0,19.85,142,237
237,종로구,가회동,0.0,8.0,9.0,0.0,22.50801552177998,14.504596527068436,22714.285714285717,8315.90909090909,104.22727272727272,0.0,19.85,142,238
238,종로구,종로5가,0.0,7.0,0.0,44.0,22.50801552177998,27.111111111111114,21036.0,4558.823529411765,78.29411764705883,0.0,19.85,142,239
239,종로구,삼청동,0.0,7.0,5.0,0.0,22.50801552177998,18.109610802223987,16585.714285714286,9184.21052631579,94.84210526315788,0.0,19.85,142,240
240,종로구,신영동,0.0,6.0,0.0,2.0,22.50801552177998,17.592323349810993,33441.94915254237,6062.5,66.04166666666667,0.0,19.85,142,241
241,종로구,평동,0.0,6.0,1.0,20.0,22.50801552177998,12.667946257197697,94240.90361445784,36068.333333333336,211.9833333333333,0.0,19.85,142,242
242,종로구,교북동,0.0,6.0,0.0,2.0,22.50801552177998,23.893805309734518,46012.98333333333,12761.111111111111,104.72222222222224,0.0,19.85,142,243
243,종로구,명륜1가,0.0,6.0,3.0,4.0,22.50801552177998,31.49512716900404,26026.415094339623,4173.591836734694,60.81632653061224,0.0,19.85,142,244
244,종로구,견지동,0.0,6.0,3.0,2.0,22.50801552177998,17.74891774891775,76333.33333333333,0.0,550.0,0.0,19.85,142,245
245,종로구,무악동,0.0,5.0,0.0,6.0,22.50801552177998,15.11116693882678,64802.11428571429,24573.55769230769,123.3076923076923,0.0,19.85,142,246
246,종로구,종로3가,0.0,5.0,0.0,12.0,22.50801552177998,17.741935483870968,0.0,0.0,0.0,0.0,19.85,142,247
247,종로구,종로4가,0.0,5.0,0.0,24.0,22.50801552177998,0.0,0.0,0.0,0.0,0.0,19.85,142,248
248,종로구,신문로1가,0.0,5.0,2.0,10.0,22.50801552177998,8.108108108108109,44000.0,4000.0,190.0,0.0,19.85,142,249
249,종로구,종로2가,0.0,5.0,0.0,6.0,22.50801552177998,20.75471698113208,0.0,0.0,0.0,0.0,19.85,142,250
250,종로구,교남동,0.0,4.0,0.0,2.0,22.50801552177998,16.25,0.0,300.0,55.0,0.0,19.85,142,251
251,종로구,행촌동,0.0,4.0,1.0,0.0,22.50801552177998,22.545281220209723,16102.79411764706,8782.028436018958,43.26066350710901,0.0,19.85,142,252
252,종로구,명륜2가,0.0,4.0,4.0,8.0,22.50801552177998,34.3801652892562,52558.57142857143,6212.578616352202,81.52201257861635,0.0,19.85,142,253
253,종로구,재동,0.0,4.0,1.0,2.0,22.50801552177998,12.941176470588236,0.0,3000.0,100.0,0.0,19.85,142,254
254,종로구,계동,0.0,4.0,4.0,2.0,22.50801552177998,15.809893307468478,23805.555555555555,7033.333333333333,68.93333333333334,0.0,19.85,142,255
255,종로구,원남동,0.0,4.0,0.0,8.0,22.50801552177998,50.595238095238095,20076.92307692308,2936.842105263158,77.92105263157895,0.0,19.85,142,256
256,종로구,종로6가,0.0,4.0,2.0,12.0,22.50801552177998,15.434782608695652,0.0,1750.0,53.75,0.0,19.85,142,257
257,종로구,통인동,0.0,4.0,0.0,2.0,22.50801552177998,20.334261838440117,27311.11111111111,5772.727272727273,57.72727272727273,0.0,19.85,142,258
258,종로구,내자동,0.0,4.0,1.0,8.0,22.50801552177998,15.66265060240964,0.0,0.0,0.0,0.0,19.85,142,259
259,종로구,종로1가,0.0,4.0,0.0,14.0,22.50801552177998,25.471698113207548,20000.0,1833.3333333333333,103.33333333333331,0.0,19.85,142,260
260,종로구,경운동,0.0,4.0,2.0,4.0,22.50801552177998,32.549019607843135,23000.0,1593.75,65.625,0.0,19.85,142,261
261,종로구,관철동,0.0,4.0,2.0,6.0,22.50801552177998,44.26229508196721,0.0,0.0,0.0,0.0,19.85,142,262
262,종로구,예지동,0.0,3.0,0.0,0.0,22.50801552177998,8.333333333333332,0.0,0.0,0.0,0.0,19.85,142,263
263,종로구,효제동,0.0,3.0,0.0,0.0,22.50801552177998,52.77777777777778,18858.82352941177,4784.090909090909,72.95454545454545,0.0,19.85,142,264
264,종로구,충신동,0.0,3.0,0.0,0.0,22.50801552177998,21.461949265687583,38873.75,11496.511627906975,119.3953488372093,0.0,19.85,142,265
265,종로구,누하동,0.0,3.0,1.0,2.0,22.50801552177998,20.128205128205128,20442.85714285714,5142.857142857143,62.142857142857146,0.0,19.85,142,266
266,종로구,신문로2가,0.0,3.0,3.0,0.0,22.50801552177998,18.67977528089888,53130.0,9239.52380952381,151.71428571428572,0.0,19.85,142,267
267,종로구,안국동,0.0,3.0,4.0,4.0,22.50801552177998,16.733067729083665,43000.0,12000.0,86.6,0.0,19.85,142,268
268,종로구,원서동,0.0,2.0,4.0,0.0,22.50801552177998,20.1699716713881,19928.048780487807,5288.461538461538,58.94230769230769,0.0,19.85,142,269
269,종로구,인의동,0.0,2.0,0.0,0.0,22.50801552177998,23.714285714285715,36785.34482758621,14156.521739130434,115.47826086956522,0.0,19.85,142,270
270,종로구,이화동,0.0,2.0,2.0,0.0,22.50801552177998,27.66210588935158,15593.181818181818,2550.0,53.05,0.0,19.85,142,271
271,종로구,통의동,0.0,2.0,4.0,0.0,22.50801552177998,28.84012539184953,23225.0,1000.0,50.0,0.0,19.85,142,272
272,종로구,공평동,0.0,2.0,1.0,0.0,22.50801552177998,0.0,0.0,0.0,0.0,0.0,19.85,142,273
273,종로구,관훈동,0.0,2.0,15.0,2.0,22.50801552177998,13.513513513513514,15750.0,0.0,0.0,0.0,19.85,142,274
274,종로구,와룡동,0.0,2.0,6.0,0.0,22.50801552177998,11.702127659574469,0.0,0.0,0.0,0.0,19.85,142,275
275,종로구,운니동,0.0,2.0,1.0,0.0,22.50801552177998,26.035502958579883,10000.0,1000.0,67.71428571428571,0.0,19.85,142,276
276,종로구,송월동,0.0,1.0,1.0,0.0,22.50801552177998,16.574585635359114,0.0,0.0,0.0,0.0,19.85,142,277
277,종로구,홍파동,0.0,1.0,1.0,4.0,22.50801552177998,14.303717706364209,95130.71951219512,47734.79166666666,189.4375,0.0,19.85,142,278
278,종로구,명륜4가,0.0,1.0,3.0,14.0,22.50801552177998,39.19902912621359,21242.36842105263,3732.558139534884,53.27906976744186,0.0,19.85,142,279
279,종로구,묘동,0.0,1.0,0.0,4.0,22.50801552177998,2.941176470588235,0.0,0.0,0.0,0.0,19.85,142,280
280,종로구,장사동,0.0,1.0,1.0,0.0,22.50801552177998,14.084507042253522,0.0,0.0,0.0,0.0,19.85,142,281
281,종로구,관수동,0.0,1.0,1.0,0.0,22.50801552177998,37.33681462140992,20264.444444444445,2637.5,81.0,0.0,19.85,142,282
282,종로구,사간동,0.0,1.0,3.0,0.0,22.50801552177998,13.953488372093023,0.0,2000.0,50.0,0.0,19.85,142,283
283,종로구,송현동,0.0,1.0,0.0,0.0,22.50801552177998,0.0,0.0,0.0,0.0,0.0,19.85,142,284
284,종로구,신교동,0.0,1.0,0.0,0.0,22.50801552177998,20.07462686567164,28613.636363636364,6806.578947368421,60.3421052631579,0.0,19.85,142,285
285,종로구,궁정동,0.0,1.0,0.0,0.0,22.50801552177998,19.431279620853083,0.0,1500.0,47.0,0.0,19.85,142,286
286,종로구,효자동,0.0,1.0,0.0,0.0,22.50801552177998,19.82456140350877,42136.36363636364,4875.0,85.5,0.0,19.85,142,287
287,종로구,창성동,0.0,1.0,0.0,2.0,22.50801552177998,16.584158415841586,18075.0,9533.333333333334,62.2,0.0,19.85,142,288
288,종로구,누상동,0.0,1.0,0.0,0.0,22.50801552177998,18.367989918084437,24711.867924528306,10376.315789473683,44.71052631578947,0.0,19.85,142,289
289,종로구,옥인동,0.0,1.0,3.0,4.0,22.50801552177998,22.27589908749329,25665.526315789477,11937.666666666666,54.66666666666666,0.0,19.85,142,290
290,종로구,체부동,0.0,1.0,2.0,0.0,22.50801552177998,18.47041847041847,24541.666666666668,2888.0,88.76,0.0,19.85,142,291
291,종로구,서린동,0.0,1.0,2.0,0.0,22.50801552177998,0.0,0.0,0.0,0.0,0.0,19.85,142,292
292,종로구,중학동,0.0,1.0,1.0,0.0,22.50801552177998,25.0,0.0,0.0,0.0,0.0,19.85,142,293
293,종로구,권농동,0.0,1.0,1.0,0.0,22.50801552177998,8.270676691729323,0.0,0.0,0.0,0.0,19.85,142,294
294,종로구,인사동,0.0,1.0,4.0,0.0,22.50801552177998,10.975609756097562,0.0,0.0,0.0,0.0,19.85,142,295
295,종로구,낙원동,0.0,1.0,1.0,4.0,22.50801552177998,16.745283018867923,28111.11111111111,2187.5,81.75,0.0,19.85,142,296
296,종로구,팔판동,0.0,1.0,1.0,0.0,22.50801552177998,16.176470588235293,14500.0,1000.0,60.0,0.0,19.85,142,297
297,종로구,소격동,0.0,1.0,5.0,2.0,22.50801552177998,9.701492537313433,0.0,0.0,0.0,0.0,19.85,142,298
298,종로구,적선동,0.0,0.0,0.0,6.0,22.50801552177998,15.789473684210526,0.0,0.0,0.0,0.0,19.85,142,299
299,종로구,필운동,0.0,0.0,1.0,0.0,22.50801552177998,22.01834862385321,26737.85714285714,10217.741935483871,67.35483870967742,0.0,19.85,142,300
300,종로구,도렴동,0.0,0.0,0.0,0.0,22.50801552177998,0.0,0.0,0.0,0.0,0.0,19.85,142,301
301,종로구,당주동,0.0,0.0,0.0,4.0,22.50801552177998,12.76595744680851,46437.5,21000.0,122.66666666666669,0.0,19.85,142,302
302,종로구,내수동,0.0,0.0,0.0,0.0,22.50801552177998,24.716124148372444,42943.617021276594,10698.876404494382,150.23595505617976,0.0,19.85,142,303
303,종로구,청진동,0.0,0.0,0.0,12.0,22.50801552177998,15.09433962264151,0.0,0.0,0.0,0.0,19.85,142,304
304,종로구,수송동,0.0,0.0,1.0,4.0,22.50801552177998,15.899581589958158,35000.0,7500.0,97.33333333333331,0.0,19.85,142,305
305,종로구,익선동,0.0,0.0,1.0,0.0,22.50801552177998,26.660059464816648,30190.0,1972.972972972973,81.1891891891892,0.0,19.85,142,306
306,종로구,봉익동,0.0,0.0,0.0,0.0,22.50801552177998,12.06896551724138,0.0,0.0,0.0,0.0,19.85,142,307
307,종로구,돈의동,0.0,0.0,0.0,2.0,22.50801552177998,1.3959390862944163,0.0,875.0,74.75,0.0,19.85,142,308
308,종로구,연지동,0.0,0.0,1.0,0.0,22.50801552177998,59.42857142857143,21594.26923076923,5311.0,48.2,0.0,19.85,142,309
309,광진구,광장동,2.0,36.0,6.0,16.0,10.785149335129368,15.72223366989491,55885.24918743229,22170.56652360515,95.137339055794,0.0,3.85,63,310
310,광진구,자양동,2.0,57.0,5.0,98.0,10.785149335129368,23.664452006698,35404.515609595794,8650.283528352835,68.27332733273327,2.0,3.85,63,311
311,광진구,구의동,1.0,55.0,3.0,60.0,10.785149335129368,25.102837666662317,32829.779971112184,8442.61189591078,60.39182156133829,1.0,3.85,63,312
312,광진구,군자동,1.0,25.0,3.0,14.0,10.785149335129368,33.45044572627163,20061.146209386283,4390.284190106692,50.25800193986421,0.0,3.85,63,313
313,광진구,중곡동,1.0,90.0,3.0,78.0,10.785149335129368,25.60918551864544,20383.1285119667,6015.338765603328,49.09119278779473,0.0,3.85,63,314
314,광진구,화양동,0.0,18.0,2.0,30.0,10.785149335129368,58.47453973181563,17770.74717514124,2605.250571210968,57.23686214775324,0.0,3.85,63,315
315,광진구,능동,0.0,8.0,4.0,12.0,10.785149335129368,33.64873389204289,20183.39952718676,5342.957880434783,51.76766304347826,0.0,3.85,63,316
316,강북구,미아동,5.0,156.0,4.0,142.0,9.829476628961553,19.061652717199102,25911.52363636364,4907.137945149407,52.73679901760131,2.0,6.9,24,317
317,강북구,번동,1.0,99.0,3.0,42.0,9.829476628961553,19.84033907371973,20299.4377457405,3154.4607558139537,47.25,0.0,6.9,24,318
318,강북구,수유동,1.0,145.0,4.0,110.0,9.829476628961553,21.024919297693096,16418.87338893101,2760.419395465995,53.88916876574307,0.0,6.9,24,319
319,강북구,우이동,0.0,15.0,2.0,12.0,9.829476628961553,18.222764380219576,19406.65354330709,4498.662251655629,49.01986754966888,0.0,6.9,24,320
320,성동구,행당동,2.0,56.0,3.0,54.0,7.910268566957864,25.26741486994185,48605.80874785592,12702.063141278612,92.07103393843724,2.0,10.08,45,321
321,성동구,금호동1가,1.0,28.0,0.0,12.0,7.910268566957864,17.429637165140726,55705.648,18434.185185185182,134.48888888888888,0.0,10.08,45,322
322,성동구,성수동1가,1.0,42.0,9.0,22.0,7.910268566957864,24.82897384305835,53400.50459652707,15136.074115044248,176.45353982300884,0.0,10.08,45,323
323,성동구,옥수동,1.0,34.0,0.0,18.0,7.910268566957864,17.8883552476183,62933.96330275229,22039.21834625323,172.74935400516796,0.0,10.08,45,324
324,성동구,용답동,1.0,13.0,4.0,16.0,7.910268566957864,33.51228923748008,20012.043956043955,3503.91347342398,58.5327564894932,0.0,10.08,45,325
325,성동구,상왕십리동,1.0,5.0,0.0,4.0,7.910268566957864,17.97814207650273,60092.33576642336,19954.84259259259,125.23148148148148,0.0,10.08,45,326
326,성동구,성수동2가,0.0,47.0,1.0,42.0,7.910268566957864,23.9899399643031,33866.726426076835,9897.940458015268,80.69160305343512,0.0,10.08,45,327
327,성동구,마장동,0.0,30.0,1.0,18.0,7.910268566957864,27.353636490057013,30395.47933884297,4914.626865671642,55.38941655359566,0.0,10.08,45,328
328,성동구,응봉동,0.0,28.0,0.0,4.0,7.910268566957864,17.99745666287397,39925.02022471911,13521.145539906103,103.92957746478874,0.0,10.08,45,329
329,성동구,금호동4가,0.0,28.0,0.0,14.0,7.910268566957864,16.701992369648156,63135.08312342569,18652.413114754097,158.51147540983607,0.0,10.08,45,330
330,성동구,하왕십리동,0.0,25.0,0.0,34.0,7.910268566957864,21.18705750016542,56209.79579316389,18634.15,111.04583333333332,0.0,10.08,45,331
331,성동구,금호동2가,0.0,22.0,0.0,8.0,7.910268566957864,17.85127362366475,59734.54744525548,20787.354330708666,155.17322834645668,0.0,10.08,45,332
332,성동구,송정동,0.0,16.0,0.0,10.0,7.910268566957864,24.039438910347634,21894.88059701493,4581.797900262467,48.08923884514436,0.0,10.08,45,333
333,성동구,금호동3가,0.0,15.0,1.0,16.0,7.910268566957864,20.61880985511992,38895.84615384616,11808.22406639004,84.03319502074689,0.0,10.08,45,334
334,성동구,사근동,0.0,13.0,1.0,2.0,7.910268566957864,44.84613086345981,17418.451807228917,2779.561128526646,50.54858934169279,0.0,10.08,45,335
335,성동구,도선동,0.0,4.0,0.0,12.0,7.910268566957864,41.90395240118997,25017.986842105263,6173.252595155709,66.77854671280276,0.0,10.08,45,336
336,성동구,홍익동,0.0,3.0,0.0,6.0,7.910268566957864,25.026511134676564,24082.45333333333,5871.170212765957,52.09574468085106,0.0,10.08,45,337
337,영등포구,대림동,1.0,61.0,1.0,88.0,12.857729846262211,21.73404752795137,25114.23707664884,3613.493765586035,50.0423940149626,0.0,7.43,129,338
338,영등포구,문래동3가,1.0,19.0,1.0,20.0,12.857729846262211,17.246484085862324,55087.72508591065,19695.23076923077,111.6076923076923,1.0,7.43,129,339
339,영등포구,당산동,1.0,12.0,1.0,0.0,12.857729846262211,43.5835056562462,30253.1875,9001.438356164384,52.38356164383562,0.0,7.43,129,340
340,영등포구,양평동3가,1.0,13.0,0.0,4.0,12.857729846262211,26.496295679680347,38550.755102040814,12183.418604651162,64.81395348837209,2.0,7.43,129,341
341,영등포구,여의도동,1.0,54.0,9.0,106.0,12.857729846262211,18.38980509745128,51686.257976299,16593.7865497076,137.94005847953215,2.0,7.43,129,342
342,영등포구,당산동1가,1.0,4.0,0.0,10.0,12.857729846262211,33.28342566252433,27848.485714285714,10145.981481481482,52.03333333333333,0.0,7.43,129,343
343,영등포구,신길동,0.0,136.0,0.0,102.0,12.857729846262211,22.443528023943923,32499.04885764499,6918.137650504393,55.21379759192971,0.0,7.43,129,344
344,영등포구,도림동,0.0,24.0,0.0,14.0,12.857729846262211,25.11519426588543,27558.49686847599,4969.530434782609,58.72028985507247,0.0,7.43,129,345
345,영등포구,당산동5가,0.0,18.0,0.0,14.0,12.857729846262211,25.57204700061843,56404.56268221574,15463.60594795539,88.8736059479554,0.0,7.43,129,346
346,영등포구,영등포동,0.0,12.0,1.0,14.0,12.857729846262211,21.26838502985292,38748.6,8635.611510791367,66.51438848920863,1.0,7.43,129,347
347,영등포구,양평동1가,0.0,9.0,0.0,0.0,12.857729846262211,27.36820844273884,34581.47286821705,10246.861313868612,64.57664233576642,0.0,7.43,129,348
348,영등포구,양평동4가,0.0,8.0,1.0,8.0,12.857729846262211,35.247495139823535,27248.89067524116,7684.173010380623,60.07266435986159,0.0,7.43,129,349
349,영등포구,문래동6가,0.0,8.0,0.0,8.0,12.857729846262211,21.28076062639821,36495.90025575447,18085.325670498085,72.01149425287356,0.0,7.43,129,350
350,영등포구,영등포동8가,0.0,8.0,0.0,6.0,12.857729846262211,34.56814978860479,38954.44700460829,10623.057324840764,69.0828025477707,1.0,7.43,129,351
351,영등포구,당산동2가,0.0,8.0,0.0,4.0,12.857729846262211,34.21052631578947,36376.86082474227,10857.90566037736,53.63207547169812,0.0,7.43,129,352
352,영등포구,영등포동7가,0.0,7.0,1.0,4.0,12.857729846262211,33.95330031335288,39568.9009009009,8797.931860036833,67.7329650092081,0.0,7.43,129,353
353,영등포구,당산동3가,0.0,7.0,2.0,8.0,12.857729846262211,29.594005144838388,36446.85013623978,10781.212837837838,67.5945945945946,0.0,7.43,129,354
354,영등포구,영등포동4가,0.0,7.0,1.0,26.0,12.857729846262211,46.2962962962963,23181.9375,6280.463576158941,55.21854304635762,2.0,7.43,129,355
355,영등포구,양평동5가,0.0,6.0,1.0,6.0,12.857729846262211,29.904955872369317,31893.158808933003,12480.5101010101,68.57575757575758,0.0,7.43,129,356
356,영등포구,문래동5가,0.0,6.0,0.0,0.0,12.857729846262211,20.470383275261327,37455.76296296297,12026.293103448275,67.44827586206897,0.0,7.43,129,357
357,영등포구,양평동2가,0.0,6.0,0.0,6.0,12.857729846262211,29.70254957507082,28471.85,7982.190647482014,54.50719424460432,0.0,7.43,129,358
358,영등포구,당산동6가,0.0,6.0,0.0,12.0,12.857729846262211,50.38552787663107,23884.35714285714,5727.252252252252,55.01351351351352,0.0,7.43,129,359
359,영등포구,당산동4가,0.0,6.0,0.0,10.0,12.857729846262211,24.50238526073367,52172.0607028754,15340.09009009009,87.85135135135135,0.0,7.43,129,360
360,영등포구,영등포동3가,0.0,6.0,0.0,14.0,12.857729846262211,56.76671932596104,19243.875,5832.320284697509,46.40925266903915,0.0,7.43,129,361
361,영등포구,양화동,0.0,4.0,0.0,0.0,12.857729846262211,0.0,0.0,0.0,0.0,0.0,7.43,129,362
362,영등포구,영등포동6가,0.0,4.0,0.0,6.0,12.857729846262211,45.94882729211087,23264.054054054053,7850.7109375,53.0625,0.0,7.43,129,363
363,영등포구,영등포동2가,0.0,4.0,0.0,8.0,12.857729846262211,62.28693181818182,22113.05942622951,7087.566371681416,62.02654867256637,0.0,7.43,129,364
364,영등포구,양평동6가,0.0,3.0,0.0,0.0,12.857729846262211,36.040235525024535,26825.04048582996,6426.16339869281,65.76797385620915,0.0,7.43,129,365
365,영등포구,문래동2가,0.0,3.0,1.0,2.0,12.857729846262211,18.960802187784868,19279.545454545456,5933.333333333333,65.0,0.0,7.43,129,366
366,영등포구,영등포동5가,0.0,3.0,1.0,14.0,12.857729846262211,24.472807991120977,24635.694444444445,6559.016393442623,63.459016393442624,0.0,7.43,129,367
367,영등포구,문래동1가,0.0,2.0,1.0,0.0,12.857729846262211,13.725490196078432,29531.25,26363.636363636364,21.545454545454547,0.0,7.43,129,368
368,영등포구,문래동4가,0.0,2.0,0.0,2.0,12.857729846262211,19.20289855072464,41907.89473684211,16333.333333333334,61.77777777777778,0.0,7.43,129,369
369,영등포구,영등포동1가,0.0,2.0,0.0,0.0,12.857729846262211,72.10986267166042,19990.07438016529,6492.740237691001,51.50764006791172,0.0,7.43,129,370
370,마포구,창전동,1.0,32.0,2.0,8.0,11.262122041149638,25.955186269835867,47610.3864229765,8519.2030651341,51.91954022988506,0.0,11.57,188,371
371,마포구,성산동,1.0,58.0,4.0,22.0,11.262122041149638,28.211973429748596,25158.18360071301,5477.240663900415,59.61976612599019,1.0,11.57,188,372
372,마포구,상암동,1.0,85.0,9.0,32.0,11.262122041149638,20.34995448568828,35982.45247933884,5388.888952489983,86.46994848311391,0.0,11.57,188,373
373,마포구,서교동,1.0,53.0,13.0,36.0,11.262122041149638,36.30764453185653,26499.66055045872,5518.14880425155,66.98139946855625,1.0,11.57,188,374
374,마포구,아현동,1.0,23.0,1.0,26.0,11.262122041149638,21.825932504440495,59695.18490967056,17706.2750929368,118.73977695167288,0.0,11.57,188,375
375,마포구,염리동,1.0,13.0,0.0,10.0,11.262122041149638,21.46657798470236,48505.08953613808,13509.935628742514,90.9880239520958,0.0,11.57,188,376
376,마포구,망원동,0.0,50.0,2.0,36.0,11.262122041149638,25.080229767266253,27144.24921383648,7009.252873563219,60.30727969348659,0.0,11.57,188,377
377,마포구,도화동,0.0,35.0,1.0,38.0,11.262122041149638,21.42423818190303,43123.81450488145,8804.738636363636,93.41051136363636,0.0,11.57,188,378
378,마포구,합정동,0.0,27.0,2.0,18.0,11.262122041149638,31.08091565675113,26920.600257069407,6319.3222683264175,68.99861687413555,0.0,11.57,188,379
379,마포구,신수동,0.0,24.0,1.0,14.0,11.262122041149638,25.45820876121149,50495.51127819549,11573.95462478185,72.52530541012216,0.0,11.57,188,380
380,마포구,대흥동,0.0,23.0,1.0,28.0,11.262122041149638,23.78391591297971,47406.30465116279,10739.9672801636,81.92229038854806,0.0,11.57,188,381
381,마포구,연남동,0.0,21.0,0.0,2.0,11.262122041149638,32.480494833766784,25850.45614035088,3895.8963486454654,69.86925795053004,0.0,11.57,188,382
382,마포구,공덕동,0.0,21.0,0.0,30.0,11.262122041149638,24.612372748629603,44892.96300448431,12065.69880823402,76.3326110509209,0.0,11.57,188,383
383,마포구,상수동,0.0,19.0,3.0,6.0,11.262122041149638,32.1365906330139,41514.09956709957,8085.450704225352,73.69859154929577,0.0,11.57,188,384
384,마포구,노고산동,0.0,16.0,1.0,20.0,11.262122041149638,48.7997256515775,19576.98245614035,2943.093696763203,67.27768313458262,1.0,11.57,188,385
385,마포구,동교동,0.0,13.0,3.0,26.0,11.262122041149638,37.79753369658733,19443.90625,2752.083333333333,74.075,0.0,11.57,188,386
386,마포구,신공덕동,0.0,9.0,1.0,14.0,11.262122041149638,25.27215547133296,49161.002141327626,12181.651898734175,91.78902953586498,1.0,11.57,188,387
387,마포구,용강동,0.0,9.0,0.0,6.0,11.262122041149638,14.981121898597626,62135.0504587156,22604.957746478874,110.50234741784035,0.0,11.57,188,388
388,마포구,중동,0.0,8.0,0.0,12.0,11.262122041149638,20.078415187783737,37855.931623931625,11185.802469135802,68.05555555555556,0.0,11.57,188,389
389,마포구,구수동,0.0,4.0,0.0,2.0,11.262122041149638,25.23117569352708,22588.08510638298,9300.0,52.875,0.0,11.57,188,390
390,마포구,마포동,0.0,2.0,0.0,2.0,11.262122041149638,26.37114951164538,35138.71578947368,5942.85,62.625,0.0,11.57,188,391
391,마포구,하중동,0.0,1.0,0.0,0.0,11.262122041149638,19.75393028024607,112917.74193548386,44529.31034482759,191.9655172413793,0.0,11.57,188,392
392,마포구,신정동,0.0,1.0,0.0,0.0,11.262122041149638,19.22077922077922,53289.53488372093,15166.666666666666,109.5,0.0,11.57,188,393
393,마포구,당인동,0.0,1.0,0.0,0.0,11.262122041149638,36.38151425762045,18831.81818181818,4165.454545454545,63.78181818181818,0.0,11.57,188,394
394,마포구,토정동,0.0,0.0,0.0,0.0,11.262122041149638,17.868589743589745,52459.32432432433,24460.0,101.16,0.0,11.57,188,395
395,마포구,현석동,0.0,0.0,0.0,0.0,11.262122041149638,18.738702550712997,63444.89726027397,24266.008771929824,116.08771929824562,0.0,11.57,188,396
396,관악구,봉천동,3.0,195.0,7.0,204.0,10.12333076048436,33.98985458234697,26550.83042082739,5751.221499655138,49.75849837422406,1.0,3.93,87,397
397,관악구,신림동,2.0,228.0,7.0,202.0,10.12333076048436,33.49938555180747,19699.559830015656,4017.710355815189,48.40998406797663,0.0,3.93,87,398
398,관악구,남현동,0.0,6.0,1.0,12.0,10.12333076048436,34.56210776276361,26318.792325056434,6611.163659793814,51.11082474226804,1.0,3.93,87,399
399,중랑구,망우동,2.0,63.0,2.0,60.0,9.417644672973008,20.72141212586339,26516.803220035777,5432.6551724137935,44.42773294203962,1.0,4.83,27,400
400,중랑구,면목동,1.0,124.0,5.0,130.0,9.417644672973008,21.30094090409901,22773.43363764045,5405.475968540635,50.30643751820565,1.0,4.83,27,401
401,중랑구,묵동,1.0,50.0,3.0,38.0,9.417644672973008,21.34232337087769,26919.56605593057,6191.086343612335,48.87136563876652,1.0,4.83,27,402
402,중랑구,상봉동,1.0,31.0,3.0,40.0,9.417644672973008,27.093199687341947,24350.39278937381,6591.824797843666,53.35983827493261,2.0,4.83,27,403
403,중랑구,신내동,0.0,68.0,2.0,52.0,9.417644672973008,17.757123213757332,29092.207381370827,7233.515864892528,44.06448311156602,1.0,4.83,27,404
404,중랑구,중화동,0.0,42.0,0.0,36.0,9.417644672973008,21.753330670363496,20660.79295154185,5029.078661087866,47.84100418410042,0.0,4.83,27,405
405,금천구,시흥동,2.0,132.0,5.0,124.0,11.328418637160905,19.022177118467003,20658.35493230174,4589.833333333333,45.12981859410431,1.0,2.32,34,406
406,금천구,가산동,1.0,89.0,4.0,44.0,11.328418637160905,45.91212796112573,19387.846315789477,4178.2244675040965,46.46641179683233,0.0,2.32,34,407
407,금천구,독산동,1.0,109.0,6.0,94.0,11.328418637160905,26.30307889359289,23917.877906976744,8840.379799020871,53.0242205617109,3.0,2.32,34,408
408,서대문구,남가좌동,1.0,35.0,0.0,44.0,7.752317694812087,18.49699617695249,47686.89559386973,10332.109653233363,70.06373008434863,0.0,3.52,59,409
409,서대문구,현저동,1.0,12.0,2.0,0.0,7.752317694812087,18.03697875688434,47985.76582278481,12524.818181818182,83.07792207792208,0.0,3.52,59,410
410,서대문구,연희동,1.0,54.0,5.0,30.0,7.752317694812087,31.60047072668432,26109.28978978979,4718.8656609195405,65.34123563218391,0.0,3.52,59,411
411,서대문구,홍은동,1.0,90.0,2.0,26.0,7.752317694812087,20.60355029585799,29954.404665314403,6617.077111383109,57.19461444308445,0.0,3.52,59,412
412,서대문구,홍제동,0.0,68.0,0.0,62.0,7.752317694812087,19.74628879892038,34225.983682983686,8836.470820969338,62.80316518298714,0.0,3.52,59,413
413,서대문구,북가좌동,0.0,36.0,0.0,36.0,7.752317694812087,19.762862236225693,29648.99342105263,8396.05917874396,60.35869565217392,0.0,3.52,59,414
414,서대문구,북아현동,0.0,24.0,0.0,18.0,7.752317694812087,21.411465892597967,46700.81334841629,12222.446559297216,89.54758418740849,0.0,3.52,59,415
415,서대문구,창천동,0.0,20.0,3.0,34.0,7.752317694812087,53.796581675539365,17099.308943089432,2976.0522803114573,62.0511679644049,1.0,3.52,59,416
416,서대문구,충정로3가,0.0,18.0,1.0,0.0,7.752317694812087,30.04457050243112,26706.336633663366,6519.878787878788,51.36363636363637,0.0,3.52,59,417
417,서대문구,대현동,0.0,12.0,1.0,12.0,7.752317694812087,58.83136094674556,27465.387362637364,4348.3165467625895,77.61151079136691,0.0,3.52,59,418
418,서대문구,대신동,0.0,11.0,0.0,10.0,7.752317694812087,51.18513773222293,11025.0,1894.3283582089557,53.87313432835821,0.0,3.52,59,419
419,서대문구,충정로2가,0.0,10.0,0.0,6.0,7.752317694812087,34.63587921847247,22953.214285714286,5016.666666666667,53.21212121212121,0.0,3.52,59,420
420,서대문구,영천동,0.0,8.0,0.0,6.0,7.752317694812087,18.25852176847789,50150.15625,19298.571428571428,84.88571428571429,0.0,3.52,59,421
421,서대문구,냉천동,0.0,7.0,0.0,4.0,7.752317694812087,17.662508207485224,56996.42857142857,15471.306818181818,70.48863636363636,0.0,3.52,59,422
422,서대문구,천연동,0.0,6.0,0.0,0.0,7.752317694812087,18.590308370044053,34401.14893617021,7844.762711864407,68.48305084745763,0.0,3.52,59,423
423,서대문구,신촌동,0.0,4.0,2.0,2.0,7.752317694812087,46.53937947494033,29000.0,1203.225806451613,54.70967741935484,0.0,3.52,59,424
424,서대문구,미근동,0.0,3.0,0.0,2.0,7.752317694812087,32.64367816091954,12495.238095238095,5142.105263157895,41.42105263157895,0.0,3.52,59,425
425,서대문구,봉원동,0.0,2.0,0.0,0.0,7.752317694812087,19.518716577540108,0.0,2925.0,55.083333333333336,0.0,3.52,59,426
426,서대문구,옥천동,0.0,1.0,0.0,0.0,7.752317694812087,24.02938090241343,13616.666666666666,2286.9565217391305,49.19565217391305,0.0,3.52,59,427
427,서대문구,합동,0.0,0.0,0.0,0.0,7.752317694812087,27.95497185741088,36379.31034482759,11012.19512195122,87.1951219512195,0.0,3.52,59,428
428,용산구,후암동,2.0,17.0,6.0,14.0,13.919709501714747,23.55294411801475,23619.364525139667,5739.515011547344,58.54041570438799,0.0,6.91,22,429
429,용산구,원효로1가,1.0,10.0,1.0,4.0,13.919709501714747,40.07583491322736,35117.41630901288,10147.28178694158,101.44329896907216,0.0,6.91,22,430
430,용산구,서계동,1.0,8.0,2.0,6.0,13.919709501714747,25.06234413965087,15608.27731092437,4440.476190476191,50.92857142857143,0.0,6.91,22,431
431,용산구,한남동,0.0,42.0,18.0,22.0,13.919709501714747,20.77161362996339,78826.70125786164,20937.50113378685,280.734693877551,0.0,6.91,22,432
432,용산구,이촌동,0.0,33.0,1.0,22.0,13.919709501714747,16.02390171031371,63539.581260364845,25191.780112044817,188.95098039215685,0.0,6.91,22,433
433,용산구,이태원동,0.0,32.0,4.0,12.0,13.919709501714747,25.083429816794933,34076.7118226601,4903.654188948307,106.40641711229948,0.0,6.91,22,434
434,용산구,용산동2가,0.0,26.0,2.0,8.0,13.919709501714747,25.375982042648708,19043.15355805244,3792.316176470588,65.88235294117646,0.0,6.91,22,435
435,용산구,한강로3가,0.0,22.0,4.0,26.0,13.919709501714747,20.41229290502087,92652.6,22199.25,281.625,1.0,6.91,22,436
436,용산구,효창동,0.0,15.0,4.0,12.0,13.919709501714747,24.99766027140852,39091.36788617887,12990.782608695652,82.8804347826087,0.0,6.91,22,437
437,용산구,서빙고동,0.0,13.0,0.0,0.0,13.919709501714747,18.8672503126675,62159.39024390244,22225.88235294117,147.16470588235293,0.0,6.91,22,438
438,용산구,보광동,0.0,11.0,0.0,14.0,13.919709501714747,22.382703866511168,25187.34051724138,2805.9375,61.85069444444444,0.0,6.91,22,439
439,용산구,청파동2가,0.0,10.0,2.0,6.0,13.919709501714747,37.32607380520266,23689.36440677966,2103.2903225806454,55.193548387096776,0.0,6.91,22,440
440,용산구,용문동,0.0,10.0,0.0,2.0,13.919709501714747,27.79872152106212,26069.84084084084,5733.384615384615,61.27692307692308,0.0,6.91,22,441
441,용산구,한강로2가,0.0,10.0,1.0,20.0,13.919709501714747,39.57270847691248,51545.57446808511,14399.984269662922,78.19101123595506,0.0,6.91,22,442
442,용산구,갈월동,0.0,9.0,2.0,12.0,13.919709501714747,24.52692867540029,20985.88157894737,4444.419642857143,62.57142857142857,0.0,6.91,22,443
443,용산구,원효로4가,0.0,8.0,1.0,2.0,13.919709501714747,24.763449580967823,27694.828326180257,11669.710843373494,76.81927710843374,0.0,6.91,22,444
444,용산구,용산동6가,0.0,7.0,0.0,0.0,13.919709501714747,0.0,0.0,0.0,0.0,0.0,6.91,22,445
445,용산구,동자동,0.0,6.0,1.0,8.0,13.919709501714747,17.34253666954271,43252.0,10644.827586206897,150.632183908046,0.0,6.91,22,446
446,용산구,동빙고동,0.0,6.0,0.0,0.0,13.919709501714747,17.8084469571001,27404.635416666668,5821.179775280899,148.3033707865169,0.0,6.91,22,447
447,용산구,문배동,0.0,6.0,1.0,2.0,13.919709501714747,25.910931174089068,45804.0049382716,13503.587443946188,121.11210762331838,0.0,6.91,22,448
448,용산구,용산동4가,0.0,5.0,1.0,0.0,13.919709501714747,100.0,0.0,0.0,0.0,0.0,6.91,22,449
449,용산구,원효로2가,0.0,5.0,0.0,10.0,13.919709501714747,31.965317919075144,23616.282828282827,6250.806451612903,75.37096774193549,0.0,6.91,22,450
450,용산구,도원동,0.0,5.0,0.0,4.0,13.919709501714747,18.7900490011308,49605.17532467532,18646.102040816328,79.83673469387755,0.0,6.91,22,451
451,용산구,신창동,0.0,4.0,1.0,0.0,13.919709501714747,23.87011847301448,23676.010869565216,5936.268656716418,69.35820895522389,0.0,6.91,22,452
452,용산구,청암동,0.0,4.0,0.0,0.0,13.919709501714747,17.107309486780714,103888.88888888888,12833.333333333334,308.5,0.0,6.91,22,453
453,용산구,원효로3가,0.0,4.0,0.0,4.0,13.919709501714747,36.88485427615863,20576.87434554974,4748.235294117647,66.87058823529412,0.0,6.91,22,454
454,용산구,한강로1가,0.0,4.0,0.0,2.0,13.919709501714747,29.881472239550845,30413.376623376626,15275.588235294115,142.1764705882353,0.0,6.91,22,455
455,용산구,남영동,0.0,3.0,0.0,6.0,13.919709501714747,14.56953642384106,19475.0,2700.0,52.5,0.0,6.91,22,456
456,용산구,용산동1가,0.0,3.0,0.0,0.0,13.919709501714747,0.0,0.0,0.0,0.0,0.0,6.91,22,457
457,용산구,청파동1가,0.0,3.0,0.0,4.0,13.919709501714747,29.78841870824053,20348.62589928057,4262.97794117647,46.22058823529412,0.0,6.91,22,458
458,용산구,청파동3가,0.0,3.0,2.0,6.0,13.919709501714747,44.14007342558599,21076.521978021978,3044.901960784314,53.76862745098039,0.0,6.91,22,459
459,용산구,신계동,0.0,3.0,0.0,0.0,13.919709501714747,19.605695509309967,56992.168831168834,22382.69230769231,124.65384615384616,0.0,6.91,22,460
460,용산구,용산동5가,0.0,3.0,1.0,0.0,13.919709501714747,16.77175283732661,138900.0,33294.8717948718,497.9230769230769,0.0,6.91,22,461
461,용산구,산천동,0.0,2.0,0.0,0.0,13.919709501714747,18.46810239739943,45320.09090909091,16485.05,89.11,0.0,6.91,22,462
462,용산구,용산동3가,0.0,1.0,0.0,0.0,13.919709501714747,35.68773234200744,12844.444444444443,900.0,54.6,0.0,6.91,22,463
463,용산구,주성동,0.0,0.0,0.0,0.0,13.919709501714747,21.315468940316688,17511.11111111111,7668.571428571428,63.23809523809524,0.0,6.91,22,464
