,자치구,법정동,총 인구수,청소년층(0~19세),청년층(20~34세),노년층(65세 이상),청소년층(0~19세) 백분율,청년층(20~34세) 백분율,노년층(65세~) 백분율
0,종로구,청운동,2289,432,414,414,18.872870249017037,18.086500655307994,18.086500655307994
1,종로구,신교동,1340,202,269,223,15.074626865671641,20.07462686567164,16.64179104477612
2,종로구,궁정동,211,41,41,16,19.431279620853083,19.431279620853083,7.5829383886255926
3,종로구,효자동,570,75,113,91,13.157894736842104,19.824561403508774,15.964912280701753
4,종로구,창성동,404,49,67,92,12.128712871287128,16.584158415841586,22.772277227722775
5,종로구,통의동,319,38,92,59,11.912225705329153,28.84012539184953,18.495297805642632
6,종로구,적선동,38,3,6,13,7.894736842105263,15.789473684210526,34.21052631578947
7,종로구,통인동,718,77,146,184,10.724233983286908,20.334261838440113,25.62674094707521
8,종로구,누상동,3174,472,583,581,14.870825456836801,18.367989918084433,18.304977945809703
9,종로구,누하동,780,85,157,178,10.897435897435898,20.128205128205128,22.82051282051282
10,종로구,옥인동,1863,247,415,383,13.258185721953838,22.27589908749329,20.558239398819108
11,종로구,체부동,693,82,128,168,11.832611832611832,18.47041847041847,24.242424242424242
12,종로구,필운동,981,117,216,184,11.926605504587156,22.018348623853214,18.75637104994903
13,종로구,내자동,83,6,13,35,7.228915662650602,15.66265060240964,42.168674698795186
14,종로구,사직동,3172,446,551,675,14.060529634300126,17.370744010088274,21.279949558638084
15,종로구,도렴동,2,0,0,0,0.0,0.0,0.0
16,종로구,당주동,282,44,36,73,15.602836879432624,12.76595744680851,25.886524822695034
17,종로구,내수동,2642,275,653,504,10.40878122634368,24.716124148372444,19.076457229371687
18,종로구,신문로1가,74,15,6,20,20.27027027027027,8.108108108108109,27.027027027027028
19,종로구,신문로2가,712,97,133,121,13.623595505617978,18.679775280898877,16.99438202247191
20,종로구,청진동,53,2,8,12,3.7735849056603774,15.09433962264151,22.641509433962266
21,종로구,서린동,2,0,0,0,0.0,0.0,0.0
22,종로구,수송동,239,25,38,66,10.460251046025103,15.899581589958158,27.615062761506277
23,종로구,중학동,4,0,1,2,0.0,25.0,50.0
24,종로구,종로1가,106,6,27,16,5.660377358490567,25.471698113207548,15.09433962264151
25,종로구,공평동,1,0,0,1,0.0,0.0,100.0
26,종로구,관훈동,111,4,15,43,3.6036036036036037,13.513513513513514,38.73873873873874
27,종로구,견지동,231,31,41,42,13.41991341991342,17.74891774891775,18.181818181818183
28,종로구,와룡동,94,3,11,35,3.1914893617021276,11.702127659574469,37.234042553191486
29,종로구,권농동,133,9,11,50,6.7669172932330826,8.270676691729323,37.59398496240601
30,종로구,운니동,169,16,44,35,9.467455621301776,26.035502958579883,20.710059171597635
31,종로구,익선동,1009,55,269,189,5.450941526263628,26.660059464816648,18.731417244796827
32,종로구,경운동,255,6,83,54,2.3529411764705883,32.549019607843135,21.176470588235293
33,종로구,관철동,244,1,108,35,0.4098360655737705,44.26229508196721,14.344262295081966
34,종로구,인사동,82,0,9,36,0.0,10.975609756097562,43.90243902439025
35,종로구,낙원동,848,46,142,307,5.4245283018867925,16.745283018867923,36.20283018867924
36,종로구,종로2가,53,0,11,16,0.0,20.754716981132077,30.18867924528302
37,종로구,팔판동,272,21,44,82,7.720588235294118,16.176470588235293,30.14705882352941
38,종로구,삼청동,1259,152,228,328,12.073073868149326,18.109610802223987,26.052422557585388
39,종로구,안국동,251,23,42,76,9.163346613545817,16.733067729083665,30.278884462151396
40,종로구,소격동,134,17,13,43,12.686567164179104,9.701492537313433,32.08955223880597
41,종로구,화동,203,24,33,52,11.822660098522167,16.25615763546798,25.615763546798032
42,종로구,사간동,129,12,18,27,9.30232558139535,13.953488372093023,20.930232558139537
43,종로구,가회동,979,116,142,222,11.8488253319714,14.504596527068436,22.676200204290094
44,종로구,재동,85,6,11,27,7.0588235294117645,12.941176470588237,31.76470588235294
45,종로구,계동,1031,126,163,249,12.221144519883609,15.809893307468478,24.151309408341415
46,종로구,원서동,1765,214,356,352,12.124645892351275,20.1699716713881,19.943342776203966
47,종로구,묘동,34,0,1,13,0.0,2.941176470588235,38.23529411764706
48,종로구,봉익동,58,1,7,18,1.7241379310344827,12.068965517241379,31.03448275862069
49,종로구,돈의동,788,9,11,376,1.1421319796954315,1.3959390862944163,47.71573604060914
50,종로구,장사동,71,2,10,25,2.8169014084507045,14.084507042253522,35.2112676056338
51,종로구,관수동,383,4,143,63,1.0443864229765014,37.33681462140992,16.449086161879894
52,종로구,종로3가,124,1,22,31,0.8064516129032258,17.741935483870968,25.0
53,종로구,인의동,1050,135,249,178,12.857142857142856,23.714285714285715,16.952380952380953
54,종로구,예지동,36,0,3,12,0.0,8.333333333333332,33.33333333333333
55,종로구,원남동,504,16,255,88,3.1746031746031744,50.595238095238095,17.46031746031746
56,종로구,연지동,875,32,520,89,3.6571428571428575,59.42857142857143,10.17142857142857
57,종로구,종로4가,23,2,0,5,8.695652173913043,0.0,21.73913043478261
58,종로구,효제동,828,18,437,120,2.1739130434782608,52.77777777777778,14.492753623188406
59,종로구,종로5가,225,4,61,72,1.7777777777777777,27.111111111111114,32.0
60,종로구,종로6가,460,32,71,136,6.956521739130435,15.434782608695652,29.565217391304348
61,종로구,이화동,1681,118,465,368,7.019631171921476,27.66210588935158,21.891731112433074
62,종로구,연건동,1599,102,740,265,6.378986866791744,46.278924327704814,16.57285803627267
63,종로구,충신동,2996,273,643,653,9.11214953271028,21.461949265687583,21.795727636849133
64,종로구,동숭동,3619,267,1073,741,7.3777286543243985,29.649074329925394,20.475269411439626
65,종로구,혜화동,3182,412,944,508,12.947831552482716,29.666876178504086,15.964802011313639
66,종로구,명륜1가,4207,534,1325,705,12.693130496791063,31.49512716900404,16.757784644639887
67,종로구,명륜2가,3025,367,1040,438,12.132231404958677,34.3801652892562,14.479338842975206
68,종로구,명륜4가,824,55,323,144,6.674757281553398,39.19902912621359,17.475728155339805
69,종로구,명륜3가,4609,325,1879,887,7.051421132566717,40.768062486439575,19.244955521805164
70,종로구,창신동,18376,1483,3688,4408,8.070309098824554,20.069656073138876,23.987810187200697
71,종로구,숭인동,15603,1020,4757,3037,6.537204383772352,30.487726719220664,19.464205601486896
72,종로구,교남동,560,115,91,66,20.535714285714285,16.25,11.785714285714285
73,종로구,평동,1563,382,198,169,24.440179142674346,12.667946257197697,10.812539987204095
74,종로구,송월동,905,179,150,124,19.77900552486188,16.574585635359114,13.701657458563535
75,종로구,홍파동,1587,319,227,232,20.10081915563957,14.303717706364209,14.61877756773787
76,종로구,교북동,904,118,216,104,13.053097345132745,23.893805309734514,11.504424778761061
77,종로구,행촌동,4196,414,946,1001,9.86653956148713,22.545281220209723,23.856053384175404
78,종로구,구기동,5766,889,989,1183,15.417967395074575,17.15227193895248,20.516822754075616
79,종로구,평창동,11621,1645,2051,2443,14.155408312537649,17.649083555632046,21.02228723861974
80,종로구,부암동,4082,462,805,841,11.317981381675649,19.720725134737872,20.60264576188143
81,종로구,홍지동,1564,174,323,386,11.12531969309463,20.652173913043477,24.680306905370845
82,종로구,신영동,3439,560,605,646,16.28380343123001,17.592323349810993,18.784530386740332
83,종로구,무악동,7961,1471,1203,1514,18.47757819369426,15.11116693882678,19.017711342796133
84,중구,무교동,8,0,0,5,0.0,0.0,62.5
85,중구,다동,64,1,17,21,1.5625,26.5625,32.8125
86,중구,태평로1가,4,0,0,1,0.0,0.0,25.0
87,중구,을지로1가,1,0,0,0,0.0,0.0,0.0
88,중구,을지로2가,52,0,15,9,0.0,28.846153846153843,17.307692307692307
89,중구,삼각동,4,0,0,3,0.0,0.0,75.0
90,중구,장교동,2,0,0,1,0.0,0.0,50.0
91,중구,수표동,5,0,0,3,0.0,0.0,60.0
92,중구,소공동,1,0,0,1,0.0,0.0,100.0
93,중구,남창동,414,20,53,158,4.830917874396135,12.80193236714976,38.164251207729464
94,중구,북창동,148,4,21,37,2.7027027027027026,14.18918918918919,25.0
95,중구,태평로2가,49,1,12,10,2.0408163265306123,24.489795918367346,20.408163265306122
96,중구,남대문로2가,1,0,0,0,0.0,0.0,0.0
97,중구,남대문로3가,10,0,0,6,0.0,0.0,60.0
98,중구,남대문로4가,4,0,0,1,0.0,0.0,25.0
99,중구,남대문로5가,694,41,58,261,5.9077809798270895,8.357348703170029,37.60806916426513
100,중구,봉래동1가,45,0,3,11,0.0,6.666666666666667,24.444444444444443
101,중구,회현동1가,3211,298,583,842,9.280597944565557,18.15633758953597,26.2223606353161
102,중구,회현동2가,830,95,148,225,11.44578313253012,17.83132530120482,27.10843373493976
103,중구,회현동3가,34,4,9,9,11.76470588235294,26.47058823529412,26.47058823529412
104,중구,충무로1가,16,1,2,3,6.25,12.5,18.75
105,중구,충무로2가,256,9,161,12,3.515625,62.890625,4.6875
106,중구,명동1가,11,1,2,4,9.090909090909092,18.181818181818183,36.36363636363637
107,중구,명동2가,523,1,12,237,0.19120458891013384,2.294455066921606,45.31548757170172
108,중구,남산동1가,135,8,18,50,5.9259259259259265,13.333333333333334,37.03703703703704
109,중구,남산동2가,495,45,106,101,9.090909090909092,21.41414141414141,20.404040404040405
110,중구,남산동3가,50,0,11,14,0.0,22.0,28.000000000000004
111,중구,저동1가,14,2,1,2,14.285714285714285,7.142857142857142,14.285714285714285
112,중구,충무로4가,1566,146,316,366,9.323116219667945,20.178799489144318,23.371647509578544
113,중구,충무로5가,594,9,308,49,1.5151515151515151,51.85185185185185,8.24915824915825
114,중구,인현동2가,1084,46,410,153,4.243542435424354,37.82287822878229,14.114391143911439
115,중구,예관동,21,1,2,6,4.761904761904762,9.523809523809524,28.57142857142857
116,중구,묵정동,890,81,327,167,9.101123595505618,36.741573033707866,18.764044943820224
117,중구,필동1가,172,11,59,27,6.395348837209303,34.30232558139535,15.69767441860465
118,중구,필동2가,849,55,214,199,6.478209658421672,25.206124852767964,23.439340400471142
119,중구,필동3가,954,72,331,208,7.547169811320755,34.696016771488466,21.80293501048218
120,중구,남학동,43,4,2,20,9.30232558139535,4.651162790697675,46.51162790697674
121,중구,주자동,17,1,1,4,5.88235294117647,5.88235294117647,23.52941176470588
122,중구,예장동,778,113,171,149,14.524421593830333,21.979434447300772,19.151670951156813
123,중구,장충동1가,1704,162,475,380,9.507042253521126,27.875586854460092,22.300469483568076
124,중구,장충동2가,2851,228,1075,571,7.997193967029112,37.70606804629955,20.028060329708875
125,중구,광희동1가,345,10,127,82,2.898550724637681,36.811594202898554,23.768115942028984
126,중구,광희동2가,838,55,237,220,6.563245823389022,28.28162291169451,26.25298329355609
127,중구,쌍림동,582,23,170,153,3.951890034364261,29.20962199312715,26.288659793814436
128,중구,을지로6가,156,3,77,26,1.9230769230769231,49.358974358974365,16.666666666666664
129,중구,을지로7가,49,0,11,17,0.0,22.448979591836736,34.69387755102041
130,중구,을지로4가,120,3,42,29,2.5,35.0,24.166666666666668
131,중구,을지로5가,418,30,157,69,7.177033492822966,37.55980861244019,16.507177033492823
132,중구,주교동,259,1,33,113,0.3861003861003861,12.741312741312742,43.62934362934363
133,중구,방산동,42,1,2,24,2.380952380952381,4.761904761904762,57.14285714285714
134,중구,오장동,711,17,431,74,2.390998593530239,60.618846694796055,10.40787623066104
135,중구,을지로3가,220,4,34,65,1.8181818181818181,15.454545454545453,29.545454545454547
136,중구,입정동,1420,128,508,45,9.014084507042254,35.774647887323944,3.169014084507042
137,중구,산림동,140,1,7,76,0.7142857142857143,5.0,54.285714285714285
138,중구,충무로3가,254,5,110,39,1.968503937007874,43.30708661417323,15.354330708661418
139,중구,초동,76,5,11,20,6.578947368421052,14.473684210526317,26.31578947368421
140,중구,인현동1가,79,1,9,35,1.2658227848101267,11.39240506329114,44.303797468354425
141,중구,저동2가,254,31,113,19,12.204724409448819,44.48818897637795,7.480314960629922
142,중구,신당동,67433,6807,14484,15303,10.09446413477081,21.479097771120966,22.693636646745656
143,중구,흥인동,2266,152,878,223,6.707855251544571,38.74669020300088,9.841129744042366
144,중구,무학동,216,11,75,43,5.092592592592593,34.72222222222222,19.90740740740741
145,중구,황학동,12697,1106,3864,2099,8.710719067496258,30.43238560289832,16.53146412538395
146,중구,서소문동,21,0,3,10,0.0,14.285714285714285,47.61904761904761
147,중구,정동,527,56,135,82,10.62618595825427,25.616698292220114,15.559772296015181
148,중구,순화동,1217,185,227,121,15.201314708299096,18.65242399342646,9.942481511914544
149,중구,의주로1가,220,43,51,17,19.545454545454547,23.18181818181818,7.727272727272727
150,중구,중림동,6353,543,1377,1543,8.5471430820085,21.67479930741382,24.28773807649929
151,중구,의주로2가,8,0,0,5,0.0,0.0,62.5
152,중구,만리동1가,1320,216,263,195,16.363636363636363,19.924242424242426,14.772727272727273
153,중구,만리동2가,4467,889,736,452,19.901499888068056,16.476382359525406,10.118647862099843
154,용산구,후암동,15998,1794,3768,3054,11.213901737717215,23.55294411801475,19.08988623577947
155,용산구,용산동2가,8910,696,2261,2070,7.8114478114478105,25.375982042648708,23.232323232323232
156,용산구,용산동4가,2,0,2,0,0.0,100.0,0.0
157,용산구,갈월동,2748,168,674,562,6.11353711790393,24.526928675400292,20.451237263464336
158,용산구,남영동,604,14,88,163,2.3178807947019866,14.56953642384106,26.986754966887418
159,용산구,동자동,3477,171,603,870,4.918032786885246,17.34253666954271,25.021570319240727
160,용산구,서계동,4812,350,1206,1013,7.273482959268495,25.06234413965087,21.05153782211139
161,용산구,청파동1가,7184,610,2140,1214,8.49109131403118,29.78841870824053,16.898663697104677
162,용산구,청파동2가,3306,262,1234,579,7.9249848759830614,37.32607380520266,17.513611615245008
163,용산구,청파동3가,3541,237,1563,506,6.6930245693306984,44.14007342558599,14.289748658571025
164,용산구,원효로1가,6857,559,2748,818,8.152253171941082,40.07583491322736,11.92941519614992
165,용산구,원효로2가,1730,116,553,303,6.705202312138728,31.965317919075144,17.514450867052023
166,용산구,신창동,2279,295,544,431,12.944273804300133,23.87011847301448,18.911803422553753
167,용산구,산천동,4922,803,909,825,16.31450629825274,18.46810239739943,16.76147907354734
168,용산구,청암동,643,88,110,186,13.685847589424572,17.107309486780714,28.92690513219285
169,용산구,원효로3가,2093,136,772,368,6.497849976110846,36.88485427615863,17.582417582417584
170,용산구,원효로4가,3699,388,916,662,10.489321438226549,24.763449580967826,17.896728845633955
171,용산구,효창동,10685,1428,2671,1611,13.364529714553111,24.997660271408517,15.07721104351895
172,용산구,도원동,5306,666,997,1058,12.551828119110443,18.790049001130797,19.939690915944215
173,용산구,용문동,6101,600,1696,1201,9.834453368300279,27.79872152106212,19.68529749221439
174,용산구,문배동,5681,928,1472,503,16.335152261925717,25.910931174089068,8.8540749867981
175,용산구,신계동,2739,435,537,441,15.88170865279299,19.605695509309967,16.10076670317634
176,용산구,한강로1가,3206,236,958,495,7.361197754210854,29.881472239550845,15.43980037429819
177,용산구,한강로2가,7255,641,2871,724,8.835286009648518,39.572708476912474,9.979324603721572
178,용산구,용산동3가,269,15,96,61,5.5762081784386615,35.687732342007436,22.676579925650557
179,용산구,용산동5가,2379,379,399,464,15.931063472047077,16.77175283732661,19.50399327448508
180,용산구,한강로3가,7907,937,1614,1496,11.850259263943341,20.41229290502087,18.919944353104846
181,용산구,이촌동,32801,5675,5256,6264,17.301301789579586,16.02390171031371,19.096978750647846
182,용산구,이태원동,14683,1210,3683,3206,8.240822720152558,25.083429816794933,21.834774909759584
183,용산구,한남동,17755,2040,3688,3386,11.489721205294282,20.77161362996339,19.07068431427767
184,용산구,동빙고동,6014,1186,1071,814,19.720651812437644,17.8084469571001,13.535084802128367
185,용산구,서빙고동,5597,764,1056,1191,13.650169733785958,18.8672503126675,21.279256744684652
186,용산구,주성동,821,81,175,169,9.866017052375152,21.315468940316688,20.584652862362972
187,용산구,보광동,11147,801,2495,2531,7.185789898627433,22.382703866511168,22.70566071588768
188,성동구,상왕십리동,3660,704,658,398,19.23497267759563,17.97814207650273,10.87431693989071
189,성동구,하왕십리동,30226,4448,6404,4850,14.71580758287567,21.18705750016542,16.045788394097794
190,성동구,홍익동,3772,257,944,943,6.813361611876988,25.026511134676564,25.0
191,성동구,도선동,4706,310,1972,641,6.587335316617085,41.90395240118997,13.62090947726307
192,성동구,마장동,21573,2387,5901,4171,11.064756872015947,27.353636490057013,19.334353126593427
193,성동구,사근동,6694,570,3002,1095,8.51508813863161,44.84613086345981,16.357932476844937
194,성동구,행당동,41789,5680,10559,6906,13.592093613151787,25.267414869941852,16.525880016272225
195,성동구,응봉동,14941,2460,2689,2648,16.464761394819625,17.99745666287397,17.723043972960312
196,성동구,금호동1가,14745,2104,2570,2840,14.269243811461513,17.429637165140726,19.260766361478467
197,성동구,금호동2가,9736,1528,1738,1526,15.694330320460148,17.85127362366475,15.67378800328677
198,성동구,금호동3가,12217,1304,2519,2573,10.67365146926414,20.618809855119917,21.060816894491282
199,성동구,금호동4가,14154,2115,2364,2648,14.942772361169986,16.701992369648156,18.708492298996752
200,성동구,옥수동,25402,3896,4544,4440,15.337375009841745,17.8883552476183,17.47893866624675
201,성동구,성수동1가,27335,3060,6787,4512,11.194439363453448,24.82897384305835,16.506310590817634
202,성동구,성수동2가,24652,2243,5914,4887,9.098653253285738,23.9899399643031,19.823949375304235
203,성동구,송정동,9838,858,2365,1932,8.721284813986582,24.039438910347634,19.638137832892866
204,성동구,용답동,11921,820,3995,2250,6.878617565640466,33.512289237480076,18.87425551547689
205,광진구,중곡동,79081,7424,20252,15037,9.387842844678241,25.60918551864544,19.014681149707265
206,광진구,능동,11097,924,3734,1709,8.326574749932414,33.64873389204289,15.400558709561144
207,광진구,구의동,76577,9332,19223,12859,12.186426733875706,25.102837666662314,16.79224832521514
208,광진구,광장동,33971,7792,5341,4195,22.93721115068735,15.72223366989491,12.348768066880575
209,광진구,자양동,92565,11046,21905,16993,11.933236104359098,23.664452006697996,18.357910657375896
210,광진구,화양동,23193,916,13562,2390,3.949467511749235,58.47453973181563,10.304833354891564
211,광진구,군자동,19070,1578,6379,3278,8.274777136864184,33.45044572627163,17.189302569480862
212,동대문구,신설동,3666,138,1507,553,3.764320785597381,41.10747408619749,15.084560829241681
213,동대문구,용두동,34744,3745,9456,6049,10.778839511858163,27.216209993092335,17.410200322357817
214,동대문구,제기동,23014,1962,6012,5715,8.525245502737464,26.12322933866342,24.832710524028855
215,동대문구,전농동,50115,6576,10283,10114,13.12181981442682,20.518806744487676,20.181582360570687
216,동대문구,답십리동,55356,7485,11661,10297,13.521569477563409,21.06546715803165,18.601416287303994
217,동대문구,장안동,70078,9937,14127,12860,14.179913810325637,20.158965723907645,18.35098033619681
218,동대문구,청량리동,18742,1544,3396,5641,8.238181624159642,18.119731085263048,30.09817522142781
219,동대문구,회기동,10394,1011,4404,1553,9.726765441600923,42.37059842216663,14.941312295555129
220,동대문구,휘경동,37876,4236,12529,6440,11.18386313232654,33.07899461400359,17.002851409863766
221,동대문구,이문동,37164,4275,10195,7568,11.503067484662576,27.43246152190292,20.363792917877515
222,중랑구,면목동,134764,13451,28706,28361,9.98115223650233,21.300940904099015,21.044937817221214
223,중랑구,상봉동,43498,4624,11785,7503,10.630373810290127,27.093199687341947,17.24906892270909
224,중랑구,중화동,42559,3917,9258,9408,9.203693695810522,21.753330670363496,22.105782560680467
225,중랑구,묵동,51761,6475,11047,10351,12.509418287900157,21.34232337087769,19.99768165220919
226,중랑구,망우동,52120,6076,10800,10972,11.657712970069072,20.72141212586339,21.051419800460476
227,중랑구,신내동,57453,8531,10202,12196,14.848658903799627,17.757123213757332,21.227786190451326
228,성북구,성북동,10158,1067,2217,2177,10.504036227603859,21.82516243354991,21.431384130734397
229,성북구,성북동1가,1832,159,566,306,8.679039301310043,30.89519650655022,16.70305676855895
230,성북구,돈암동,38248,6041,6967,7077,15.79428989751098,18.215331520602383,18.502928257686676
231,성북구,동소문동1가,922,74,326,151,8.026030368763557,35.35791757049891,16.377440347071584
232,성북구,동소문동2가,507,35,106,139,6.903353057199212,20.907297830374755,27.416173570019726
233,성북구,동소문동3가,152,8,38,37,5.263157894736842,25.0,24.342105263157894
234,성북구,동소문동4가,3014,378,889,491,12.541473125414731,29.495686794956868,16.290643662906437
235,성북구,동소문동5가,1124,121,299,240,10.765124555160142,26.601423487544483,21.352313167259787
236,성북구,동소문동6가,1854,141,870,260,7.605177993527508,46.92556634304207,14.023732470334412
237,성북구,동소문동7가,2316,397,541,326,17.141623488773746,23.359240069084628,14.075993091537134
238,성북구,삼선동1가,4193,287,1139,1008,6.844741235392321,27.16432148819461,24.040066777963272
239,성북구,삼선동2가,5618,900,1219,853,16.01993592025632,21.69811320754717,15.183339266642934
240,성북구,삼선동3가,3780,555,812,660,14.682539682539684,21.48148148148148,17.46031746031746
241,성북구,삼선동4가,3109,274,1004,560,8.813123190736572,32.29334191058218,18.012222579607588
242,성북구,삼선동5가,3715,294,1275,660,7.913862718707941,34.32032301480484,17.765814266487215
243,성북구,동선동1가,1193,80,590,132,6.705783738474434,49.45515507124895,11.064543168482817
244,성북구,동선동2가,2165,121,1173,266,5.58891454965358,54.18013856812933,12.286374133949192
245,성북구,동선동3가,2867,176,1228,435,6.138821067317754,42.83222881060342,15.172654342518314
246,성북구,동선동4가,2059,106,894,330,5.148130160271977,43.4191355026712,16.027197668771247
247,성북구,동선동5가,2055,170,699,367,8.27250608272506,34.01459854014598,17.858880778588805
248,성북구,안암동1가,3901,351,1469,618,8.9976928992566,37.657011022814665,15.842091771340684
249,성북구,안암동2가,2316,129,1196,308,5.569948186528497,51.64075993091537,13.298791018998275
250,성북구,안암동3가,3668,309,1101,695,8.424209378407852,30.016357688113416,18.947655398037078
251,성북구,안암동4가,997,65,388,176,6.519558676028084,38.91675025075226,17.65295887662989
252,성북구,안암동5가,4033,239,2662,379,5.926109595834367,66.00545499628069,9.397470865360773
253,성북구,보문동4가,940,104,237,165,11.063829787234042,25.21276595744681,17.5531914893617
254,성북구,보문동5가,1788,141,519,369,7.885906040268456,29.026845637583893,20.63758389261745
255,성북구,보문동6가,6156,799,1387,978,12.979207277452891,22.530864197530864,15.886939571150096
256,성북구,보문동7가,1019,70,305,197,6.869479882237488,29.931305201177626,19.332679097154074
257,성북구,보문동1가,1698,308,403,221,18.138987043580684,23.733804475853944,13.015312131919906
258,성북구,보문동2가,2014,134,778,324,6.653426017874876,38.629592850049654,16.08738828202582
259,성북구,보문동3가,2555,379,504,411,14.833659491193737,19.726027397260275,16.086105675146772
260,성북구,정릉동,77990,9808,16744,16743,12.575971278369021,21.469419156302088,21.468136940633414
261,성북구,길음동,54096,11800,8137,7737,21.81307305530908,15.041777580597456,14.302351375332742
262,성북구,종암동,37683,5501,7779,7261,14.598094631531461,20.643260886872064,19.268635724331926
263,성북구,하월곡동,38970,5726,7864,7505,14.693353861945086,20.179625352835515,19.25840390043623
264,성북구,상월곡동,9090,984,2181,2009,10.825082508250825,23.993399339933994,22.1012101210121
265,성북구,장위동,52017,7235,10370,9947,13.908914393371397,19.935790222427283,19.12259453640156
266,성북구,석관동,33790,3633,7092,7714,10.751701686889612,20.98845812370524,22.829239419946727
267,강북구,미아동,127245,15530,24255,27826,12.204801760383512,19.061652717199102,21.868049825140474
268,강북구,번동,48603,4466,9643,13001,9.188733205769191,19.84033907371973,26.74937761043557
269,강북구,수유동,101608,9726,21363,24630,9.572080938508778,21.024919297693096,24.24021730572396
270,강북구,우이동,10657,994,1942,3016,9.327202777517126,18.222764380219576,28.300647461762225
271,도봉구,쌍문동,73064,8534,14383,16363,11.68017080915362,19.685481221942407,22.395434139932114
272,도봉구,방학동,72382,9163,12536,17016,12.65922466911663,17.319223011245892,23.50860711226548
273,도봉구,창동,115472,14467,22850,23721,12.52857835665789,19.788346958570045,20.542642372176807
274,도봉구,도봉동,46030,4450,7692,13274,9.667608081685856,16.710840756028677,28.837714533999563
275,노원구,월계동,74760,9233,14360,17396,12.350187265917603,19.20813269127876,23.26912787586945
276,노원구,공릉동,77450,10987,18921,13434,14.185926404131699,24.429954809554552,17.345384118786313
277,노원구,하계동,47450,7406,9894,8500,15.608008429926237,20.851422550052686,17.91359325605901
278,노원구,상계동,197542,26740,38808,39346,13.536361887598586,19.64544248817973,19.91778963460935
279,노원구,중계동,101011,19231,16279,17633,19.03852055716704,16.116066567007554,17.45651463701973
280,은평구,수색동,20441,3210,4363,3079,15.703732694095201,21.344356929700112,15.062863852062033
281,은평구,녹번동,36111,4215,7544,7598,11.6723436072111,20.891141203511395,21.040680125169615
282,은평구,불광동,64177,6467,13579,14738,10.076818798011749,21.1586705517553,22.964613490814468
283,은평구,갈현동,41923,4708,9186,8640,11.230112348829998,21.91159983779787,20.609212126994727
284,은평구,구산동,31453,3817,6374,6641,12.135567354465394,20.265157536641972,21.114043175531748
285,은평구,대조동,27369,2348,8126,5337,8.579049289341956,29.690525777339328,19.500164419598818
286,은평구,응암동,83446,12166,16305,15889,14.579488531505405,19.539582484480984,19.041056491623326
287,은평구,역촌동,43804,4875,9163,9174,11.129120628253128,20.918180988037623,20.94329284996804
288,은평구,신사동,45406,5186,9559,9594,11.421398053120733,21.052283839140202,21.129366163062148
289,은평구,증산동,18258,2404,3763,3709,13.166830978201336,20.61014349874028,20.314382736334757
290,은평구,진관동,54382,10417,9855,9166,19.155235188113714,18.121805009010334,16.85484167555441
291,서대문구,충정로2가,1126,82,390,190,7.282415630550622,34.63587921847247,16.873889875666073
292,서대문구,충정로3가,4936,390,1483,951,7.901134521880065,30.044570502431117,19.266612641815232
293,서대문구,합동,1066,134,298,85,12.570356472795496,27.954971857410882,7.973733583489681
294,서대문구,미근동,435,8,142,115,1.839080459770115,32.64367816091954,26.436781609195403
295,서대문구,냉천동,3046,488,538,513,16.021011162179907,17.662508207485224,16.841759684832567
296,서대문구,천연동,4540,697,844,848,15.352422907488986,18.590308370044053,18.6784140969163
297,서대문구,옥천동,953,56,229,272,5.876180482686253,24.02938090241343,28.541448058761805
298,서대문구,영천동,2963,425,541,579,14.343570705366183,18.258521768477895,19.541005737428282
299,서대문구,현저동,5084,608,917,1165,11.959087332808812,18.03697875688434,22.915027537372147
300,서대문구,북아현동,27560,3942,5901,4622,14.3033381712627,21.411465892597967,16.77068214804064
301,서대문구,홍제동,55575,6837,10974,12000,12.30229419703104,19.74628879892038,21.592442645074225
302,서대문구,대현동,6760,517,3977,533,7.64792899408284,58.83136094674556,7.884615384615384
303,서대문구,대신동,1561,147,799,182,9.417040358744394,51.18513773222293,11.659192825112108
304,서대문구,신촌동,838,78,390,115,9.307875894988067,46.53937947494033,13.723150357995225
305,서대문구,봉원동,374,42,73,88,11.229946524064172,19.518716577540108,23.52941176470588
306,서대문구,창천동,10707,561,5760,1238,5.239562902773887,53.796581675539365,11.562529186513496
307,서대문구,연희동,33990,3333,10741,6135,9.805825242718447,31.60047072668432,18.049426301853487
308,서대문구,홍은동,50700,6421,10446,10409,12.664694280078894,20.60355029585799,20.530571992110453
309,서대문구,북가좌동,48242,6389,9534,10029,13.243646614982795,19.762862236225693,20.788939098710667
310,서대문구,남가좌동,45775,8491,8467,7519,18.549426542872745,18.496996176952486,16.42599672310213
311,마포구,아현동,28150,4159,6144,4285,14.77442273534636,21.825932504440498,15.22202486678508
312,마포구,공덕동,25540,3390,6286,3897,13.27329678935004,24.612372748629603,15.258418167580265
313,마포구,신공덕동,12401,1598,3134,1875,12.886057576001935,25.272155471332958,15.119748407386503
314,마포구,도화동,21429,2869,4591,3817,13.388398898688694,21.42423818190303,17.812310420458257
315,마포구,용강동,7416,1549,1111,1014,20.88727076591154,14.981121898597626,13.673139158576053
316,마포구,토정동,1248,216,223,143,17.307692307692307,17.868589743589745,11.458333333333332
317,마포구,마포동,2662,286,702,415,10.743801652892563,26.37114951164538,15.589782118707737
318,마포구,대흥동,16364,2453,3892,2607,14.990222439501345,23.78391591297971,15.931312637496944
319,마포구,염리동,18042,3353,3873,2360,18.584414144773305,21.46657798470236,13.080589735062631
320,마포구,노고산동,5832,230,2846,746,3.943758573388203,48.7997256515775,12.791495198902606
321,마포구,신수동,15386,2119,3917,2511,13.772260496555312,25.45820876121149,16.320031197192254
322,마포구,현석동,4979,812,933,653,16.30849568186383,18.738702550712993,13.115083350070295
323,마포구,구수동,757,79,191,147,10.435931307793924,25.23117569352708,19.418758256274767
324,마포구,창전동,14683,2151,3811,1983,14.649594769461283,25.955186269835867,13.505414424845059
325,마포구,상수동,7409,831,2381,1056,11.216088540963693,32.1365906330139,14.25293561884195
326,마포구,하중동,1463,217,289,228,14.832535885167463,19.75393028024607,15.584415584415584
327,마포구,신정동,1540,243,296,223,15.779220779220779,19.22077922077922,14.48051948051948
328,마포구,당인동,1017,64,370,169,6.293018682399214,36.38151425762045,16.617502458210424
329,마포구,서교동,19321,1407,7015,2740,7.282231768542001,36.30764453185653,14.181460586926143
330,마포구,동교동,3487,206,1318,560,5.907657011757958,37.79753369658733,16.05965012905076
331,마포구,합정동,16338,1359,5078,2677,8.318031582813074,31.080915656751134,16.38511445709389
332,마포구,망원동,37081,4047,9300,6846,10.913945147110379,25.080229767266253,18.46228526738761
333,마포구,연남동,14227,1136,4621,2389,7.9848176003373865,32.480494833766784,16.792015182399663
334,마포구,성산동,47572,5024,13421,8263,10.560834104094846,28.211973429748593,17.369461027495163
335,마포구,중동,9692,1697,1946,1487,17.509286009079652,20.078415187783737,15.342550557160544
336,마포구,상암동,29661,5608,6036,4413,18.906982232561276,20.349954485688276,14.878122787498734
337,양천구,신정동,172038,30143,30739,29628,17.521129052883666,17.86756414280566,17.221776584243013
338,양천구,목동,145532,27594,27474,20962,18.960778385509716,18.878322293378776,14.403705027073082
339,양천구,신월동,118458,15376,21801,25536,12.980127977848689,18.40399128805146,21.557007546978678
340,강서구,염창동,41285,7765,9078,4905,18.80828388034395,21.988615719995156,11.880828388034395
341,강서구,등촌동,73691,7806,18936,14275,10.59288108452864,25.696489394905754,19.371429346867323
342,강서구,화곡동,217411,24656,54528,39721,11.340732529632815,25.080607696942657,18.270004737570776
343,강서구,가양동,43227,3830,9142,10981,8.86020311379462,21.14881902514632,25.403104541143268
344,강서구,마곡동,54028,10430,14927,5199,19.3048049159695,27.62826682460946,9.622788183904643
345,강서구,내발산동,44623,8720,7929,6790,19.54149205566636,17.768863590525065,15.216368240593416
346,강서구,외발산동,950,89,233,218,9.368421052631579,24.526315789473685,22.94736842105263
347,강서구,공항동,17259,1525,4372,3422,8.835969639028912,25.331710991366823,19.827336462135698
348,강서구,방화동,68913,8029,13596,15784,11.650922177237968,19.72922380392669,22.90424157996314
349,강서구,개화동,1649,156,250,505,9.460278956943602,15.160703456640388,30.624620982413585
350,강서구,오곡동,12,0,0,4,0.0,0.0,33.33333333333333
351,강서구,오쇠동,10,0,6,4,0.0,60.0,40.0
352,구로구,신도림동,35998,6565,6959,5276,18.237124284682483,19.331629534974166,14.65636979832213
353,구로구,구로동,114017,11934,27922,22600,10.466860205057142,24.48933053842848,19.821605550049554
354,구로구,가리봉동,8766,401,2560,2003,4.574492356833219,29.20374172940908,22.849646360939996
355,구로구,고척동,52187,6813,10792,10628,13.054975377009601,20.67947956387606,20.36522505604844
356,구로구,개봉동,82438,9963,15328,18836,12.08544603216963,18.59336713651471,22.848686285450885
357,구로구,오류동,43725,4703,10614,9135,10.755860491709548,24.274442538593483,20.891938250428815
358,구로구,궁동,13963,1817,2662,3052,13.01296283033732,19.064670915992266,21.857766955525317
359,구로구,온수동,8757,1122,1540,1965,12.812607057211373,17.585931254996005,22.439191503939707
360,구로구,천왕동,16219,3395,2713,2951,20.932239965472593,16.727295147666318,18.194709908132438
361,구로구,항동,16335,3939,2568,1931,24.11386593204775,15.720844811753903,11.821242730333639
362,금천구,가산동,24695,1187,11338,2907,4.806641020449484,45.912127961125734,11.771613686981171
363,금천구,독산동,102277,10108,26902,18487,9.882964889466841,26.30307889359289,18.075422626788036
364,금천구,시흥동,100509,11516,19119,23137,11.457680406729745,19.022177118467003,23.01982907003353
365,영등포구,영등포동,13734,1652,2921,2570,12.028542303771662,21.268385029852922,18.71268385029853
366,영등포구,영등포동1가,4005,53,2888,107,1.32334581772784,72.10986267166042,2.671660424469413
367,영등포구,영등포동2가,4224,78,2631,281,1.8465909090909092,62.28693181818182,6.652462121212121
368,영등포구,영등포동3가,1899,17,1078,154,0.8952080042127435,56.766719325961034,8.109531332280147
369,영등포구,영등포동4가,1350,18,625,136,1.3333333333333335,46.2962962962963,10.074074074074074
370,영등포구,영등포동5가,1802,86,441,485,4.772475027746948,24.472807991120977,26.914539400665927
371,영등포구,영등포동6가,1876,54,862,273,2.878464818763326,45.94882729211087,14.55223880597015
372,영등포구,영등포동7가,9893,1097,3359,1210,11.088648539371272,33.95330031335288,12.23087031234206
373,영등포구,영등포동8가,4967,502,1717,661,10.106704248037044,34.56814978860479,13.307831689148381
374,영등포구,여의도동,33350,5270,6133,6585,15.802098950524737,18.389805097451276,19.74512743628186
375,영등포구,당산동1가,6679,518,2223,1206,7.7556520437191185,33.28342566252433,18.05659529869741
376,영등포구,당산동2가,5396,498,1846,762,9.229058561897702,34.21052631578947,14.121571534469979
377,영등포구,당산동3가,8941,851,2646,1605,9.51795101219103,29.594005144838388,17.951012191030085
378,영등포구,당산동4가,12158,1908,2979,1622,15.69337062016779,24.50238526073367,13.341010034545157
379,영등포구,당산동5가,12936,1907,3308,2105,14.741805813234384,25.57204700061843,16.27241805813234
380,영등포구,당산동6가,3372,100,1699,405,2.965599051008304,50.38552787663107,12.01067615658363
381,영등포구,당산동,8221,781,3583,855,9.5000608198516,43.583505656246196,10.400194623525119
382,영등포구,도림동,17579,1606,4415,3410,9.135900790716194,25.11519426588543,19.398145514534388
383,영등포구,문래동1가,255,8,35,98,3.1372549019607843,13.725490196078432,38.43137254901961
384,영등포구,문래동2가,1097,139,208,258,12.670920692798541,18.960802187784868,23.518687329079306
385,영등포구,문래동3가,13510,2497,2330,2449,18.48260547742413,17.246484085862324,18.127313101406365
386,영등포구,문래동4가,1932,294,371,359,15.217391304347828,19.202898550724637,18.58178053830228
387,영등포구,문래동5가,4592,810,940,700,17.639372822299652,20.470383275261327,15.24390243902439
388,영등포구,문래동6가,10728,2083,2283,1123,19.41648023862789,21.28076062639821,10.46793437733035
389,영등포구,양평동1가,4951,607,1355,836,12.260149464754596,27.36820844273884,16.88547768127651
390,영등포구,양평동2가,7060,763,2097,910,10.807365439093484,29.70254957507082,12.889518413597735
391,영등포구,양평동3가,12013,1903,3183,1490,15.841172063597769,26.496295679680347,12.403229834346124
392,영등포구,양평동4가,6687,619,2357,958,9.256766861073725,35.247495139823535,14.326304770450127
393,영등포구,양평동5가,5892,744,1762,706,12.627291242362526,29.904955872369314,11.982348947725729
394,영등포구,양평동6가,4076,378,1469,421,9.27379784102061,36.040235525024535,10.32875368007851
395,영등포구,신길동,102573,12888,23021,20056,12.564710011406511,22.443528023943923,19.552903785596598
396,영등포구,대림동,47046,4401,10225,11047,9.354674148705522,21.73404752795137,23.481273647068825
397,동작구,노량진동,31412,2626,9904,6178,8.359862472940277,31.52935184006112,19.6676429390042
398,동작구,상도동,113674,13739,28296,21214,12.08631701180569,24.892235691538964,18.662139099530236
399,동작구,상도1동,9631,853,4489,1415,8.856816529955353,46.609905513446165,14.692139964697331
400,동작구,본동,10796,1319,2229,2229,12.217487958503149,20.646535753982956,20.646535753982956
401,동작구,흑석동,29961,4509,6576,5182,15.049564433763893,21.948533093020927,17.295817896598912
402,동작구,동작동,5553,873,986,1021,15.721231766612643,17.756167837205115,18.386457770574463
403,동작구,사당동,96784,10249,24834,19278,10.589560257893867,25.659199867746736,19.91858158373285
404,동작구,대방동,35638,5174,8991,5835,14.51821089847915,25.228688478590268,16.372972669622314
405,동작구,신대방동,45320,6723,10823,7737,14.83451015004413,23.881288614298324,17.071932921447484
406,관악구,봉천동,221775,21470,75381,38088,9.680982978243716,33.98985458234697,17.174163003043624
407,관악구,신림동,242494,18669,81234,43614,7.698747185497373,33.49938555180747,17.985599643702525
408,관악구,남현동,17687,1420,6113,3060,8.028495505173291,34.56210776276361,17.300842426641037
409,서초구,방배동,94571,15378,18249,17137,16.260798764949087,19.29661312664559,18.120776982373034
410,서초구,양재동,35620,4230,8897,5759,11.875350926445817,24.977540707467718,16.16788321167883
411,서초구,우면동,27411,5358,4336,5062,19.546897231038635,15.818467038780051,18.4670387800518
412,서초구,원지동,253,12,26,112,4.743083003952568,10.276679841897234,44.26877470355731
413,서초구,잠원동,50584,10280,8721,7053,20.32263166218567,17.240629448046814,13.943144077178554
414,서초구,반포동,75816,16474,12707,10892,21.72892265484858,16.76031444549963,14.36636066265696
415,서초구,서초동,106213,17901,23315,16003,16.85386911206726,21.95117358515436,15.066893883046331
416,서초구,내곡동,8258,1607,1226,1603,19.459917655606684,14.846209736013563,19.411479777185757
417,서초구,염곡동,998,118,163,279,11.823647294589177,16.33266533066132,27.955911823647295
418,서초구,신원동,7940,1266,1342,1641,15.944584382871538,16.90176322418136,20.667506297229217
419,강남구,역삼동,70529,10128,19078,7688,14.36005047569085,27.049866012562205,10.900480653348268
420,강남구,개포동,75386,12908,13482,13596,17.122542647175866,17.88395723343857,18.035178945692834
421,강남구,청담동,24629,3864,4977,3903,15.688822120264728,20.20788501360185,15.847172032969265
422,강남구,삼성동,42743,7300,8674,6307,17.0788199237302,20.29338137238846,14.755632501228272
423,강남구,대치동,80762,18603,13189,10511,23.034347836853968,16.330700081721602,13.014784180679031
424,강남구,신사동,10796,1380,2484,2026,12.782512041496851,23.008521674694332,18.766209707299
425,강남구,논현동,41447,3449,12232,6282,8.321470794026107,29.51238931647646,15.15670615484836
426,강남구,압구정동,30226,5446,4558,6531,18.017600741083836,15.079732680473764,21.60722556739231
427,강남구,세곡동,14391,2643,2500,2546,18.365645194913487,17.371968591480787,17.691612813564035
428,강남구,자곡동,27333,5394,5693,4101,19.73438700471957,20.828302784180295,15.003841510262319
429,강남구,율현동,3807,672,680,660,17.65169424743893,17.861833464670344,17.336485421591803
430,강남구,일원동,47748,9323,8914,7519,19.52542514869733,18.66884476836726,15.747256429588674
431,강남구,수서동,21861,2693,3320,6249,12.31874113718494,15.186862449110288,28.58515163990668
432,강남구,도곡동,53215,11010,8848,8515,20.689655172413794,16.626890914215917,16.001127501644273
433,송파구,잠실동,105885,19575,20017,16781,18.487037824054397,18.90447183264863,15.848326014071871
434,송파구,신천동,37715,7878,5435,6339,20.888240753016042,14.41071191833488,16.807636219011005
435,송파구,풍납동,35496,4671,7303,7075,13.15922920892495,20.57414919990985,19.931823304034257
436,송파구,송파동,41914,5080,10979,6877,12.120055351433887,26.194111752636353,16.407405640120245
437,송파구,석촌동,30766,2813,8988,4923,9.14321003705389,29.21406747708509,16.001430150165767
438,송파구,삼전동,29075,2820,8387,4351,9.699054170249354,28.84608770421324,14.964746345657781
439,송파구,가락동,83866,13941,17060,13022,16.6229461283476,20.341974101542938,15.527150454296141
440,송파구,문정동,61417,6982,16683,9765,11.368187960988001,27.163488936288,15.89950665125291
441,송파구,장지동,43216,10327,6807,5561,23.896242132543502,15.751110699740837,12.867919289152166
442,송파구,방이동,59160,7984,14996,9496,13.495605138607166,25.348208248816768,16.05138607167005
443,송파구,오금동,37413,5217,7295,7234,13.944350894074253,19.49857001576992,19.33552508486355
444,송파구,거여동,52677,9825,9523,8369,18.651403838487386,18.078098600907417,15.887389183134953
445,송파구,마천동,35566,3654,6178,8850,10.273857054490243,17.370522409042344,24.883315526064216
446,강동구,명일동,42314,7680,7549,7446,18.150021269556174,17.840431063005152,17.597012808999384
447,강동구,고덕동,46758,10839,6483,6547,23.181059925574232,13.865007057615808,14.001882030882415
448,강동구,상일동,51053,11679,7910,7195,22.8762266664055,15.493702622764577,14.093197265586744
449,강동구,길동,44675,4622,10294,8998,10.34583100167879,23.041969781757135,20.141018466703972
450,강동구,둔촌동,24349,3374,5037,4581,13.856831902747546,20.686681177871783,18.81391432913056
451,강동구,암사동,65775,9601,12545,12264,14.596731280881794,19.072595971113646,18.645381984036487
452,강동구,성내동,65333,7249,15749,12420,11.095464772779454,24.10573523334303,19.01030107296466
453,강동구,천호동,84811,7920,20785,17143,9.338411290988196,24.507434177170413,20.21317989411751
454,강동구,강일동,34099,6789,5430,6221,19.90967477052113,15.924220651632012,18.243936772339364
